Pieter Baas,34,4,00:15:45,66.67%,11.76%
Caltha palustris,20,2,00:02:34,0.00%,0.00%
anatidae,19,16,00:00:36,0.00%,36.84%
passeridae,19,15,00:03:38,0.00%,21.05%
Acrobeles,17,15,00:00:15,0.00%,0.00%
puma concolor,17,11,00:00:15,0.00%,0.00%
Echinodorus macrophyllus,16,2,00:00:19,0.00%,0.00%
Gammarus locusta,15,4,00:00:29,0.00%,6.67%
panthera onca,14,8,00:00:33,0.00%,0.00%
teucrium,14,9,00:02:11,0.00%,14.29%
Ambrosia artemisiifolia L.,13,6,00:00:12,0.00%,0.00%
Anatidae,13,10,00:04:47,0.00%,38.46%
canis lupus,13,11,00:00:32,0.00%,0.00%
Bombina variegata,12,8,00:00:13,0.00%,0.00%
Crescentia cujete,12,2,00:00:38,0.00%,0.00%
panthera,12,8,00:00:09,0.00%,8.33%
Carex viridula,11,10,00:51:31,90.00%,90.91%
colombia,11,11,00:00:38,0.00%,45.45%
Impatiens gladulifer,11,5,00:02:38,0.00%,36.36%
Panthera onca,11,7,00:01:59,0.00%,0.00%
Algyroides marchi,10,8,00:00:23,0.00%,0.00%
gammarus locusta,10,8,00:00:20,0.00%,0.00%
Justicia aequilabris,10,10,00:00:05,0.00%,0.00%
lutra lutra,10,6,00:00:17,0.00%,0.00%
pinus,9,6,00:00:52,0.00%,11.11%
Asplenium fontanum,8,2,00:12:40,0.00%,0.00%
canis,8,6,00:00:22,0.00%,0.00%
Catharanthus,8,6,00:41:25,20.00%,25.00%
enterolobium cyclocarpum,8,2,00:00:12,0.00%,0.00%
lynx,8,7,00:00:13,0.00%,12.50%
Panthera tigris,8,4,00:01:37,0.00%,0.00%
schinus molle,8,7,00:05:28,83.33%,75.00%
teucrium quadrifarium,8,7,00:00:11,0.00%,25.00%
Aquila chrysaetos,7,4,00:00:59,0.00%,0.00%
bear,7,2,00:00:11,0.00%,0.00%
Caesalpinia echinata,7,2,00:00:17,0.00%,0.00%
Canis lupus,7,6,00:00:30,0.00%,0.00%
citation,7,4,00:00:24,0.00%,0.00%
Conocephalum,7,2,00:00:15,0.00%,0.00%
CRITERIA,7,1,00:00:50,0.00%,0.00%
Epidendrum,7,2,00:00:10,0.00%,0.00%
frankliniella occidentalis,7,2,00:00:18,0.00%,0.00%
fungi,7,6,00:01:01,0.00%,14.29%
mosquito,7,5,00:00:16,0.00%,0.00%
oxybelis aeneus,7,3,00:00:26,0.00%,14.29%
quercus,7,6,00:00:19,0.00%,0.00%
salix,7,5,00:00:18,0.00%,14.29%
tiger,7,7,00:00:08,0.00%,0.00%
asparagaceae,6,3,00:00:08,0.00%,0.00%
bombus,6,6,00:00:15,0.00%,0.00%
Bothriurus burmeisteri,6,1,00:00:38,0.00%,0.00%
Croton dioicus,6,1,00:00:30,0.00%,0.00%
dog,6,6,00:00:11,0.00%,16.67%
Europhium clavigerum,6,2,00:00:03,100.00%,16.67%
fish,6,6,00:00:58,0.00%,33.33%
Gubeŕnatrix çristata,6,1,00:00:32,0.00%,0.00%
homo sapiens,6,5,00:04:14,0.00%,16.67%
Leopardus braccatus,6,1,00:00:15,0.00%,16.67%
lion,6,5,00:00:11,0.00%,33.33%
macaca sylvanus,6,4,00:00:25,0.00%,0.00%
manta ray,6,3,00:00:06,0.00%,0.00%
OPILIOACARIDA,6,3,00:00:05,0.00%,0.00%
panthera leo,6,4,00:06:08,0.00%,16.67%
Passeridae,6,6,00:11:04,0.00%,33.33%
puma,6,5,00:00:21,0.00%,0.00%
Sabia yunnanensis,6,1,00:00:46,0.00%,16.67%
Sus scrofa,6,2,00:03:32,0.00%,0.00%
TRICHIA,6,1,00:00:12,0.00%,16.67%
Velia,6,1,00:00:02,0.00%,0.00%
abies,5,5,00:00:24,0.00%,0.00%
achillea millefolium,5,2,00:00:10,0.00%,0.00%
aedes,5,5,00:00:13,0.00%,20.00%
algyroides marchi,5,3,00:00:20,0.00%,20.00%
ambystoma,5,3,00:00:04,0.00%,0.00%
Apis mellifera,5,4,00:00:40,0.00%,0.00%
australia,5,3,00:00:10,0.00%,0.00%
bidens alba,5,2,00:00:55,0.00%,0.00%
brachypelma,5,3,00:00:24,0.00%,20.00%
cactaceae,5,2,00:00:18,0.00%,0.00%
calotes versicolor,5,1,00:00:19,0.00%,0.00%
carcharodon carcharias,5,3,00:00:51,0.00%,20.00%
castor fiber,5,5,00:00:11,0.00%,0.00%
Chionanthus mildbraedii,5,1,00:00:16,0.00%,0.00%
Citrus,5,3,00:00:14,0.00%,0.00%
colombia biodiversity,5,4,00:00:33,0.00%,20.00%
Cyathea delgadii,5,1,00:04:11,0.00%,0.00%
data quality,5,4,00:00:39,0.00%,0.00%
elephant,5,5,00:00:20,0.00%,0.00%
esox lucius,5,5,00:00:15,0.00%,0.00%
Galium viridiflorum,5,1,00:00:04,0.00%,0.00%
ipt,5,3,00:00:45,0.00%,0.00%
kangaroo,5,3,00:00:08,0.00%,20.00%
lamiaceae,5,3,00:01:36,0.00%,0.00%
Lantana camara,5,3,00:00:07,0.00%,0.00%
lynx lynx,5,4,00:00:12,0.00%,0.00%
Metopium brownei,5,1,00:00:12,0.00%,0.00%
micrurus distans,5,1,00:00:19,0.00%,0.00%
Momotus mexicanus,5,1,00:00:27,0.00%,0.00%
Ornithorhynchus anatinus,5,2,00:00:06,0.00%,0.00%
pato,5,5,00:00:45,0.00%,20.00%
plantago,5,4,00:00:40,0.00%,20.00%
salvia,5,4,00:01:15,0.00%,20.00%
Solanum,5,4,00:00:33,0.00%,0.00%
sole,5,1,00:02:18,0.00%,0.00%
sorbus aria,5,4,00:00:09,0.00%,0.00%
soybean,5,3,00:00:14,0.00%,20.00%
Ulex europaeus,5,3,00:00:08,0.00%,0.00%
ursus,5,4,00:00:25,0.00%,20.00%
Who cited,5,1,00:00:50,0.00%,0.00%
zorrillo,5,2,00:00:12,0.00%,40.00%
Achillea millefolium,4,3,00:01:02,0.00%,0.00%
Adelobotrys rachidotricha,4,1,00:00:11,0.00%,0.00%
aedes aegypti,4,4,00:00:08,0.00%,0.00%
Albizia,4,1,00:00:08,0.00%,0.00%
Ambystoma,4,3,00:00:13,0.00%,0.00%
Amelanchier lamarckii,4,2,00:03:21,0.00%,25.00%
andrena,4,2,00:00:04,0.00%,0.00%
apis mellifera,4,4,00:00:11,0.00%,0.00%
aquila,4,3,00:00:50,0.00%,0.00%
Archilochus,4,4,00:00:00,100.00%,100.00%
Aristotelea,4,1,00:00:14,0.00%,0.00%
Artocarpus heterophyllus,4,2,00:00:21,0.00%,0.00%
Astragalus,4,2,00:00:04,0.00%,0.00%
Astragalus illyricus,4,1,00:00:13,0.00%,0.00%
bacteria,4,4,00:44:35,100.00%,50.00%
bengal tiger,4,4,00:00:13,0.00%,25.00%
Bia actorion,4,3,00:03:55,50.00%,50.00%
canis latrans,4,4,00:00:45,0.00%,0.00%
Cassia moschata,4,1,00:00:41,0.00%,25.00%
Cephalopoda,4,2,00:01:45,0.00%,0.00%
Cetí,4,3,00:23:47,0.00%,50.00%
channeled apple snail,4,1,00:00:03,0.00%,0.00%
chapman,4,1,00:01:23,0.00%,0.00%
coffea,4,3,00:00:30,0.00%,0.00%
Coleoptera,4,4,00:00:23,0.00%,0.00%
Cottus gobio,4,4,00:00:35,0.00%,0.00%
crassula,4,1,00:00:03,0.00%,0.00%
cynomys mexicanus,4,2,00:00:55,0.00%,0.00%
Cynomys mexicanus,4,1,00:00:09,0.00%,0.00%
Dasypus novemcinctus,4,1,00:03:55,0.00%,25.00%
daubentonia madagascariensis,4,2,00:00:22,0.00%,0.00%
Diceros bicornis,4,3,00:00:18,0.00%,25.00%
Didelphis,4,1,00:00:03,0.00%,0.00%
didelphis virginiana,4,3,00:00:31,0.00%,0.00%
Didelphis virginiana,4,3,00:00:13,0.00%,0.00%
Drosophila suzukii,4,3,00:00:08,100.00%,50.00%
Drymaeus castus,4,1,00:00:07,0.00%,0.00%
duck,4,4,00:00:51,0.00%,0.00%
Duguetia,4,4,00:13:14,66.67%,75.00%
Ebird,4,2,00:00:18,0.00%,0.00%
Echinolittorina ziczac,4,1,00:01:22,0.00%,0.00%
Empidonax traillii extimus,4,1,00:00:04,0.00%,0.00%
euglandina,4,1,00:00:02,0.00%,25.00%
Euptilotis neoxenus,4,1,00:00:07,0.00%,0.00%
felis silvestris,4,3,00:00:27,0.00%,0.00%
ferns,4,1,00:00:13,0.00%,0.00%
Genus fallow deer,4,1,00:00:07,0.00%,0.00%
glomera,4,3,00:00:07,0.00%,0.00%
Gopherus polyphemus,4,2,00:00:10,0.00%,0.00%
GRANT,4,1,00:00:19,0.00%,0.00%
gyps bengalensis,4,2,00:00:10,0.00%,0.00%
Hedychium gardnerianum,4,2,00:01:51,0.00%,0.00%
Hibiscus,4,2,00:00:19,0.00%,0.00%
Hispanica,4,2,00:01:22,0.00%,0.00%
Homo sapiens,4,3,00:00:33,0.00%,0.00%
http:/,4,4,00:00:11,0.00%,0.00%
Hypericum,4,2,00:00:12,0.00%,25.00%
ixodes,4,3,00:00:08,0.00%,0.00%
leopard,4,2,00:00:12,0.00%,0.00%
Leopardus tigrinus,4,4,00:12:58,0.00%,50.00%
lionfish,4,4,00:00:15,0.00%,0.00%
lobostemum,4,1,00:01:40,0.00%,0.00%
Lotus japonicus,4,2,00:00:46,0.00%,0.00%
lymantria,4,3,00:00:10,0.00%,0.00%
madagascar,4,3,00:01:09,0.00%,25.00%
maize,4,3,00:00:18,0.00%,25.00%
mangrove,4,3,00:00:05,0.00%,0.00%
mentha,4,4,00:00:23,0.00%,0.00%
mentha pulegium,4,2,00:00:54,0.00%,0.00%
mollusca,4,3,00:00:12,0.00%,25.00%
mono araña,4,1,00:00:06,0.00%,25.00%
muhlenbergia,4,2,00:00:19,0.00%,25.00%
oak,4,3,00:00:15,0.00%,0.00%
oenothera,4,3,00:00:40,0.00%,0.00%
Oenothera,4,3,00:00:14,0.00%,0.00%
opilioacarida,4,2,00:00:43,0.00%,0.00%
Osmunda cinnamomea,4,1,00:00:34,0.00%,0.00%
pangio,4,3,00:00:10,0.00%,25.00%
Panthera tigris tigris,4,2,00:00:06,0.00%,0.00%
Persea major,4,1,00:00:15,0.00%,0.00%
peru,4,4,00:00:28,0.00%,0.00%
piper,4,2,00:02:19,0.00%,0.00%
plants,4,3,00:01:22,0.00%,0.00%
Polypodiopsida,4,1,00:00:08,0.00%,0.00%
populus,4,3,00:00:08,0.00%,0.00%
Puccinia,4,2,00:00:06,0.00%,0.00%
quercus alba,4,3,00:00:07,0.00%,0.00%
rhinella marina,4,3,00:00:10,0.00%,0.00%
Rhinosimus ruficollis,4,2,00:00:12,0.00%,0.00%
Rhodiola,4,1,00:00:08,0.00%,0.00%
rosa,4,3,00:00:37,0.00%,25.00%
salmon,4,3,00:00:15,0.00%,0.00%
Saxifraga vandellii,4,1,00:00:05,0.00%,25.00%
sicula,4,1,00:00:49,0.00%,0.00%
Solenopsis invicta,4,2,00:03:35,0.00%,25.00%
Spilocuscus maculatus,4,2,00:00:28,0.00%,0.00%
spoladea,4,4,00:00:00,100.00%,100.00%
swan,4,2,00:00:15,0.00%,50.00%
teucrium laxum,4,4,00:00:37,0.00%,25.00%
tingidae,4,3,00:00:20,0.00%,0.00%
Tomicus piniperda,4,2,00:00:03,0.00%,0.00%
tools,4,2,00:01:29,0.00%,0.00%
Tradescantia pallida,4,3,00:05:36,0.00%,25.00%
turtle,4,4,00:00:17,0.00%,25.00%
Unio crassus,4,2,00:00:28,0.00%,0.00%
ursus americanus,4,2,00:00:12,0.00%,0.00%
Utetheisa ornatrix,4,1,00:00:05,0.00%,0.00%
vulpes vulpes,4,4,00:12:46,0.00%,0.00%
whiskered auklet,4,2,00:17:12,0.00%,0.00%
wolf,4,3,00:00:09,0.00%,0.00%
zamenis longissimus,4,1,00:00:10,0.00%,0.00%
zollernia paraensis,4,2,00:00:18,0.00%,0.00%
Abies,3,2,00:00:13,0.00%,33.33%
Acris crepitans,3,2,00:01:42,0.00%,0.00%
Acrizepa,3,1,00:00:04,0.00%,0.00%
Acropora Palmata,3,2,00:00:12,0.00%,33.33%
Actinia equina,3,1,00:00:05,0.00%,0.00%
Adelobotrys,3,1,00:00:07,0.00%,0.00%
Aedes,3,3,00:00:07,0.00%,0.00%
ailurus fulgens,3,2,00:00:06,0.00%,0.00%
Albertiniella reticulata,3,1,00:02:06,0.00%,0.00%
alder,3,2,00:00:41,0.00%,66.67%
Alepocephalus fundulus,3,2,00:00:07,0.00%,33.33%
allium drummondii,3,1,00:00:30,0.00%,33.33%
Alopecurus,3,3,00:00:36,0.00%,0.00%
Ambystomids tigrinum,3,1,00:00:22,0.00%,0.00%
Amphisphaeriaceae,3,2,00:00:06,0.00%,0.00%
Amphora,3,2,00:00:14,0.00%,0.00%
anas,3,3,00:00:06,0.00%,33.33%
Andrena,3,1,00:00:02,0.00%,0.00%
andrena angustior,3,1,00:00:04,0.00%,0.00%
andrena lepida,3,1,00:00:07,0.00%,0.00%
aphrissa,3,2,00:00:08,0.00%,0.00%
apis,3,2,00:26:53,0.00%,0.00%
Apodemus speciosus,3,1,00:00:13,0.00%,0.00%
Aquascypha hydrophora,3,1,00:00:12,0.00%,0.00%
arctic,3,2,00:00:18,0.00%,0.00%
arnica montana,3,3,00:00:23,0.00%,33.33%
Artemisia annua,3,2,00:00:11,0.00%,33.33%
Asparagus,3,2,00:00:13,0.00%,33.33%
aspergillus,3,2,00:01:51,0.00%,33.33%
autun,3,2,00:00:07,0.00%,0.00%
Azolla,3,2,00:00:28,0.00%,0.00%
bald eagle,3,3,00:00:09,0.00%,0.00%
Banksia ericifolia L.f.,3,3,00:00:20,0.00%,0.00%
barbary sylvanus,3,1,00:00:06,0.00%,0.00%
barred owl,3,2,00:00:06,0.00%,0.00%
Basis Of Record,3,1,00:01:45,0.00%,0.00%
begonia hullettii,3,1,00:00:18,0.00%,0.00%
begonia inostegioides,3,1,00:00:15,0.00%,0.00%
Bidens andicola,3,3,00:00:10,50.00%,66.67%
bike shed,3,3,00:00:21,0.00%,0.00%
biodiversity in America,3,1,00:00:05,0.00%,0.00%
biodiversity OR endangered species?page=1,3,1,00:00:12,0.00%,0.00%
biogeography of the biodiversity,3,1,00:00:14,0.00%,0.00%
biotodoma cupido,3,1,00:04:34,0.00%,33.33%
bishop museum,3,2,00:00:15,0.00%,0.00%
boa constrictor,3,2,00:00:19,0.00%,0.00%
Botryococcus,3,1,00:00:41,0.00%,0.00%
Bradypus variegatus,3,2,00:00:12,0.00%,0.00%
Bromus tectorum,3,2,00:00:16,0.00%,0.00%
C. Jacchus,3,1,00:00:24,0.00%,0.00%
Capparidastrum frondosum,3,3,00:00:00,100.00%,100.00%
Castor fiber,3,3,00:00:30,0.00%,0.00%
catalogue of life,3,1,00:00:19,0.00%,0.00%
cedrus,3,3,00:00:24,0.00%,0.00%
cenchrus ciliaris,3,1,00:01:50,0.00%,0.00%
Cenchrus ciliaris,3,2,00:00:32,0.00%,0.00%
Centaurea solstitialis,3,3,00:00:32,0.00%,0.00%
Cestrum bracteatum,3,1,00:01:55,0.00%,33.33%
chameleon,3,2,00:00:08,0.00%,0.00%
Chionomys nivalis,3,1,00:00:12,0.00%,0.00%
Chrysodeixis chalcites,3,1,00:00:20,0.00%,0.00%
cinchona pubescens,3,1,00:00:06,0.00%,0.00%
citrus latifolia,3,2,00:00:22,0.00%,0.00%
Clytostoma pterocalyx,3,1,00:11:17,0.00%,0.00%
Coccoloba ovata,3,1,00:07:35,0.00%,0.00%
Collotheca ambigua,3,1,00:00:37,0.00%,33.33%
colutea,3,1,00:00:15,0.00%,0.00%
cordiera concolor,3,1,00:00:12,0.00%,0.00%
cotton,3,2,00:06:35,0.00%,0.00%
Croton,3,2,00:00:07,0.00%,33.33%
culicoides rageaui,3,1,00:00:09,0.00%,33.33%
daphnia pulex,3,2,00:00:11,0.00%,0.00%
darwin core,3,3,00:00:19,0.00%,0.00%
Darwin Core,3,2,00:00:22,0.00%,33.33%
Dasypodidae,3,1,00:03:08,0.00%,0.00%
Dedrobates truncatus,3,1,00:00:19,0.00%,33.33%
Dianthus,3,1,00:00:04,0.00%,0.00%
dichrostachys,3,2,00:00:36,0.00%,0.00%
dioscorea pyrenaica,3,1,00:07:43,0.00%,0.00%
DOI,3,2,00:00:48,0.00%,0.00%
downloads,3,1,00:01:39,0.00%,0.00%
Dracaena americana,3,1,00:00:16,0.00%,0.00%
drosophila,3,3,00:00:07,0.00%,0.00%
eagle,3,3,00:00:18,0.00%,33.33%
ebird,3,3,00:00:52,0.00%,0.00%
Eglisia tricarinata,3,1,00:00:21,0.00%,33.33%
elk,3,3,00:00:04,0.00%,0.00%
ENTEROLOBIUM CYCLOCARPUM,3,1,00:00:23,0.00%,0.00%
Ephedra foliata,3,3,00:00:08,0.00%,66.67%
Epitonium,3,1,00:00:04,0.00%,0.00%
escherichia coli,3,2,00:00:05,0.00%,33.33%
Esox lucius,3,2,00:00:06,0.00%,0.00%
Frankliniella occidentalis,3,2,00:00:11,0.00%,0.00%
fucus vesiculosus,3,2,00:00:20,0.00%,33.33%
Fungi,3,2,00:00:17,0.00%,0.00%
Fusion table,3,2,00:00:07,0.00%,0.00%
galium,3,2,00:00:09,0.00%,0.00%
gammarus,3,2,00:00:17,0.00%,0.00%
Gammarus lacustris,3,2,00:00:27,0.00%,0.00%
Gammarus Locusta,3,1,00:00:11,0.00%,0.00%
gb22,3,2,00:00:09,0.00%,0.00%
gleocapsa,3,2,00:00:19,0.00%,33.33%
glycine max,3,1,00:00:06,0.00%,0.00%
goberning board,3,1,00:00:09,0.00%,0.00%
Gomphocerus armeniacus,3,3,00:00:00,100.00%,100.00%
google earth,3,1,00:00:07,0.00%,0.00%
Gopherus,3,1,00:00:14,0.00%,33.33%
GORRIÓN,3,1,00:00:11,0.00%,33.33%
great white shark,3,2,00:00:43,0.00%,0.00%
Grus americana,3,2,00:00:11,0.00%,33.33%
halictus mucidus,3,1,00:00:05,0.00%,0.00%
Harpia,3,3,00:00:30,100.00%,66.67%
helichrysum cymosum,3,1,00:00:05,0.00%,0.00%
hermetia illucens,3,2,00:00:04,100.00%,66.67%
Hoenbuehelia grisea,3,1,00:00:20,0.00%,0.00%
homo,3,3,00:00:03,0.00%,33.33%
hordeum,3,2,00:00:13,0.00%,0.00%
hornet,3,1,00:00:19,0.00%,0.00%
Hydrochoeridae,3,2,00:03:02,0.00%,0.00%
Hypoxis hemerocallidea,3,1,00:00:33,0.00%,0.00%
IPT,3,2,00:13:50,0.00%,33.33%
iran,3,2,00:00:13,0.00%,33.33%
itenez,3,3,00:00:23,50.00%,66.67%
jaguar,3,3,00:00:18,100.00%,66.67%
justicia,3,2,00:15:08,0.00%,33.33%
kelp,3,3,00:00:08,0.00%,0.00%
kenya,3,2,00:01:34,0.00%,0.00%
kinosternidae,3,2,00:00:31,0.00%,33.33%
kinosternon integrum,3,2,00:00:34,0.00%,0.00%
korea,3,3,00:00:29,0.00%,66.67%
Lampropeltis triangulum,3,2,00:00:29,0.00%,0.00%
lecanoromycete sp.,3,3,00:00:09,0.00%,0.00%
leontopodium alpinum,3,1,00:18:46,0.00%,33.33%
Leopardus colocolo,3,1,00:00:05,0.00%,0.00%
leopardus pajeros,3,1,00:00:07,0.00%,0.00%
Lepidium perfoliatum,3,3,00:00:10,0.00%,33.33%
Lepidophyma,3,2,00:01:05,0.00%,0.00%
Lepidoptera,3,3,00:01:17,0.00%,0.00%
leptodermis,3,2,00:00:21,0.00%,0.00%
Leucanthemum,3,1,00:00:33,0.00%,0.00%
license,3,2,00:00:21,0.00%,0.00%
licenses,3,1,00:00:08,0.00%,0.00%
licensing,3,2,00:00:15,0.00%,0.00%
lince,3,2,00:00:19,0.00%,0.00%
lupinus polyphyllus,3,1,00:00:27,0.00%,0.00%
lynx pardinus,3,2,00:00:32,0.00%,0.00%
lyre sponge,3,1,00:00:20,0.00%,33.33%
macaca,3,3,00:00:09,0.00%,33.33%
Macrocystis pyrifera,3,2,00:01:09,0.00%,0.00%
Maculinea teleius,3,1,00:00:24,0.00%,0.00%
madhuca oblongifolia,3,1,00:00:05,0.00%,0.00%
Malus,3,2,00:00:06,0.00%,0.00%
mekrani,3,1,00:00:09,0.00%,0.00%
melastomataceae,3,2,00:00:11,0.00%,0.00%
Mephitis,3,2,00:00:06,0.00%,0.00%
Mephitis mephitis,3,2,00:00:11,0.00%,0.00%
Meta bourneti,3,1,00:00:06,0.00%,0.00%
micranthes unalaschcensis,3,1,00:00:49,0.00%,0.00%
microcephala,3,2,00:00:16,0.00%,0.00%
Mimosa pudica,3,1,00:00:10,0.00%,0.00%
miscanthus,3,2,00:04:02,0.00%,33.33%
/Mistichthys luzonensis Smith, 1902",3,1,00:12:33,0.00%,33.33%
modestR,3,1,00:00:12,0.00%,0.00%
Montifringilla nivalis,3,3,00:12:17,0.00%,33.33%
mosquitoes french guiana,3,1,00:00:04,0.00%,0.00%
mozambique,3,2,00:00:20,0.00%,0.00%
mutisia clematis,3,1,00:00:06,0.00%,0.00%
Nerita,3,3,00:00:08,50.00%,66.67%
nymphaea,3,2,00:00:08,0.00%,0.00%
Nymphaea,3,2,00:00:07,0.00%,0.00%
oaxaca,3,1,00:00:13,0.00%,0.00%
oenothera drummondii,3,2,00:00:07,0.00%,0.00%
oenothera drumondii,3,2,00:00:09,0.00%,0.00%
olea europaea,3,1,00:00:09,0.00%,0.00%
oplegnathus punctatus,3,1,00:00:08,0.00%,0.00%
Orchidaceae,3,2,00:00:10,0.00%,0.00%
Orchis,3,3,00:00:11,0.00%,0.00%
oryx beisa,3,2,00:00:14,0.00%,0.00%
Osmundaceae,3,1,00:00:13,0.00%,0.00%
ovis aries,3,3,00:00:16,0.00%,0.00%
oxybelis,3,2,00:00:55,0.00%,0.00%
Panicum,3,1,00:00:56,0.00%,0.00%
Panicum effusum,3,2,00:00:06,0.00%,0.00%
panthiades,3,1,00:00:54,0.00%,33.33%
Parablennius,3,1,00:00:12,0.00%,0.00%
Parablennius gattorugine,3,2,00:00:06,0.00%,0.00%
parnassius,3,2,00:00:06,0.00%,0.00%
Parthenocissus tricuspidata,3,3,00:00:25,0.00%,0.00%
passiflora edulis,3,2,00:00:30,0.00%,0.00%
persea major,3,2,00:00:21,0.00%,0.00%
PGPB,3,1,00:14:05,0.00%,0.00%
Phoebis,3,1,00:00:04,0.00%,0.00%
phragmites australis,3,1,00:00:26,0.00%,0.00%
/Physalia physalis (Linnaeus, 1758)",3,3,00:00:15,0.00%,66.67%
Picumnus,3,1,00:00:35,0.00%,0.00%
pika,3,2,00:00:33,0.00%,33.33%
pinus massoniana,3,1,00:00:06,0.00%,0.00%
piperaceae,3,1,00:00:11,0.00%,0.00%
Pistacia,3,2,00:00:11,0.00%,0.00%
plankton,3,3,00:00:09,0.00%,66.67%
plantago lanceolata,3,2,00:00:09,0.00%,0.00%
Platanista gangetica,3,3,00:00:00,100.00%,100.00%
prunus,3,3,00:00:12,100.00%,33.33%
Pseudobagrus fulvidraco,3,1,00:00:03,0.00%,33.33%
pseudostigmatidae,3,1,00:02:54,0.00%,33.33%
pumaconcolor,3,1,00:00:06,0.00%,0.00%
Quercus,3,3,00:02:00,0.00%,0.00%
quercus suber,3,3,00:12:24,0.00%,0.00%
raja chilensis,3,1,00:06:34,0.00%,0.00%
raja equatorialis,3,1,00:00:20,0.00%,0.00%
RANARIJAONA,3,1,00:00:29,0.00%,0.00%
red,3,2,00:00:15,0.00%,0.00%
red panda,3,3,00:00:10,0.00%,0.00%
reptiles,3,3,00:00:14,0.00%,0.00%
Ricinus communis,3,2,00:00:38,0.00%,0.00%
robinia,3,3,00:00:09,0.00%,0.00%
ruficollis,3,2,00:00:23,0.00%,0.00%
salix pulchra,3,1,00:00:04,0.00%,0.00%
sarracenia purpurea,3,2,00:00:14,0.00%,0.00%
Saxifraga oppositifolia,3,2,00:00:18,0.00%,0.00%
sceloporus,3,2,00:00:20,0.00%,0.00%
Scripta,3,1,00:00:22,0.00%,0.00%
Sea cucumber,3,2,00:00:12,0.00%,33.33%
sedum,3,1,00:14:45,0.00%,0.00%
Sedum,3,2,00:00:12,0.00%,0.00%
selaginella,3,3,00:08:15,0.00%,0.00%
Selaginellaceae,3,1,00:00:06,0.00%,0.00%
senna,3,2,00:00:07,0.00%,33.33%
sesbania,3,2,00:00:11,0.00%,66.67%
sinensis,3,3,00:00:14,0.00%,0.00%
Smilax domigensis,3,1,00:00:27,0.00%,0.00%
solanum calvescens,3,2,00:00:37,0.00%,0.00%
solanum dasyphyllum,3,1,00:00:30,0.00%,33.33%
somalia,3,1,00:00:13,0.00%,0.00%
somatochlora,3,1,00:00:10,0.00%,0.00%
Sorbus aria,3,3,00:00:10,0.00%,33.33%
Spartina,3,3,00:00:11,0.00%,33.33%
Spelaeomyia,3,1,00:03:32,0.00%,0.00%
squamata,3,3,00:00:47,0.00%,0.00%
steenbras,3,1,00:01:46,0.00%,0.00%
Stegastes,3,1,00:00:04,0.00%,0.00%
Stenocereus pruinosus,3,2,00:00:18,0.00%,0.00%
Switzerland,3,1,00:00:15,0.00%,0.00%
Synonyms,3,1,00:00:18,0.00%,0.00%
syzygium baronii,3,1,00:09:00,0.00%,33.33%
tabebuia,3,1,00:00:05,0.00%,0.00%
Taeniopygia bichenovii,3,3,00:00:11,0.00%,0.00%
task group,3,1,00:00:10,0.00%,33.33%
taxonomy,3,3,00:00:28,0.00%,0.00%
trichloris pluriflora,3,1,00:00:12,0.00%,0.00%
Trimyema koreanum,3,3,00:00:00,100.00%,100.00%
True alpine marmot,3,2,00:00:14,0.00%,0.00%
Trypoxylus dichotomus,3,2,00:00:19,0.00%,0.00%
Tyto alba,3,3,00:00:11,0.00%,0.00%
ulmus,3,2,00:00:08,0.00%,0.00%
usnea,3,2,00:00:15,0.00%,33.33%
vaccinium,3,2,00:00:25,0.00%,33.33%
Vireo atricapilla,3,1,00:00:43,0.00%,0.00%
vitis vinifera,3,2,00:00:35,0.00%,0.00%
wasp,3,3,00:00:20,0.00%,0.00%
xeronycteris vieirai,3,1,00:00:21,0.00%,0.00%
zea mays,3,3,00:00:14,0.00%,33.33%
Zea mays,3,2,00:00:17,0.00%,33.33%
/""Polypodiopsida""",2,1,00:00:06,0.00%,0.00%
1089326,2,2,00:00:28,0.00%,50.00%
2017-2021,2,1,00:00:13,0.00%,0.00%
A. Tigrinum,2,1,00:01:15,0.00%,0.00%
Abies alba,2,1,00:00:11,0.00%,0.00%
Abies pinsapo,2,2,00:00:04,0.00%,50.00%
Aburria,2,1,00:00:59,0.00%,0.00%
aburria jacutinga,2,1,00:00:15,0.00%,50.00%
Acacia cardiophylla,2,1,00:03:51,0.00%,50.00%
Acacia gummifera Willd.,2,1,00:00:15,0.00%,0.00%
acacia nigrescens,2,1,00:00:07,0.00%,0.00%
acacia rugata,2,1,00:00:10,0.00%,0.00%
Acanthaster planci,2,2,00:00:26,0.00%,50.00%
acanthocephala,2,1,00:07:40,0.00%,50.00%
Acanthurus monroviae,2,1,00:00:10,0.00%,0.00%
/Acanthurus monroviae Steindachner, 1876",2,1,00:00:11,0.00%,0.00%
Acer campestre,2,2,00:00:09,0.00%,50.00%
Achatina,2,1,00:00:06,0.00%,0.00%
achillea miellifolium,2,1,00:00:11,0.00%,0.00%
achillea milefolium,2,1,00:00:13,0.00%,0.00%
Acinetobacter calcoaceticus,2,1,00:00:46,0.00%,0.00%
Acipenser sturio,2,1,00:00:12,0.00%,0.00%
ACOPORA DENDRUM,2,1,00:00:07,0.00%,0.00%
acremonium strictum,2,1,00:00:28,0.00%,0.00%
Acripeza,2,2,00:00:09,0.00%,50.00%
Acripeza Reticulata,2,1,00:00:05,0.00%,0.00%
Acris Crepitans,2,1,00:00:05,0.00%,0.00%
Acropora,2,2,00:00:25,0.00%,0.00%
Acropora palmata,2,2,00:00:06,0.00%,50.00%
actinidia,2,1,00:00:04,0.00%,50.00%
Actinoptychus sp.,2,1,00:00:45,0.00%,0.00%
Adansonia,2,2,00:00:41,0.00%,0.00%
Adansonia za,2,1,00:00:15,0.00%,0.00%
Adiantum argutum,2,1,00:03:45,0.00%,0.00%
adonis flammea,2,1,00:00:24,0.00%,0.00%
adonis vernalis,2,1,00:00:00,0.00%,50.00%
Aedes aegypti,2,2,00:00:22,0.00%,0.00%
Aegotheles albertisi,2,1,00:00:23,0.00%,0.00%
aegypius monachus,2,2,00:00:11,0.00%,0.00%
Aeonium ciliatum,2,2,00:00:22,0.00%,0.00%
Aeschynomene,2,2,00:00:00,0.00%,100.00%
Aeschynomene rudis,2,1,00:00:10,0.00%,0.00%
Aesculapian snake,2,1,00:00:05,0.00%,0.00%
africa,2,2,00:00:23,0.00%,0.00%
agalychnis annae,2,1,00:00:26,0.00%,0.00%
Agathis jurassica,2,2,00:00:00,100.00%,100.00%
agave,2,2,00:00:09,0.00%,0.00%
Aglaia rubiginosa,2,2,00:01:22,100.00%,50.00%
Ailuropoda melanoleuca,2,2,00:00:15,0.00%,0.00%
Aix galericulata,2,1,00:00:57,0.00%,0.00%
aix sponsa,2,1,00:00:14,0.00%,0.00%
akodon albiventer,2,1,00:06:17,0.00%,0.00%
Alaska Pollock,2,1,00:00:11,0.00%,0.00%
Albatrus pallas,2,2,00:00:00,100.00%,100.00%
Alberta Museums,2,1,00:00:09,0.00%,0.00%
Albizia lebbeck,2,2,00:00:06,0.00%,0.00%
Albizia saman,2,2,00:00:08,0.00%,0.00%
Alibertia concolor,2,1,00:00:18,0.00%,0.00%
Allium ampeloprasum,2,1,00:00:18,0.00%,0.00%
Allium polyanthum,2,1,00:00:27,0.00%,0.00%
Allotrichodorus sharmai,2,2,00:07:00,0.00%,50.00%
alysicarpus bupleurifolius,2,1,00:07:54,0.00%,50.00%
Alytes dickhilleni,2,1,00:00:13,0.00%,0.00%
Amanita,2,2,00:00:25,0.00%,0.00%
Amazona finschi,2,1,00:00:22,0.00%,0.00%
Amblyomma americanum,2,1,00:00:11,0.00%,0.00%
amblyomma americanum ticks,2,1,00:00:04,0.00%,0.00%
Amblystegium serpens,2,1,00:04:31,0.00%,0.00%
AMBYSTOMA,2,1,00:00:09,0.00%,0.00%
Ambystoma tigrinum,2,1,00:00:22,0.00%,0.00%
AMECEPHALUS,2,1,00:00:26,0.00%,0.00%
Amelanchier,2,1,00:00:06,0.00%,0.00%
america,2,2,00:00:26,0.00%,0.00%
american bullfrog,2,1,00:00:04,0.00%,0.00%
Ammonitida,2,1,00:02:51,0.00%,0.00%
amphibius hippopotamus,2,1,00:00:16,0.00%,0.00%
amphibius hippopotamus in africa,2,1,00:00:09,0.00%,0.00%
Anabaena oscillarioides,2,1,00:00:41,0.00%,0.00%
Anacolia meziensii,2,2,00:00:07,0.00%,50.00%
Anactinotrichidea,2,1,00:00:09,0.00%,0.00%
ananas bracteatus,2,1,00:03:10,0.00%,0.00%
Anas,2,2,00:00:06,0.00%,0.00%
anas discors,2,1,00:00:08,0.00%,0.00%
anas Linnaeus,2,1,00:07:13,0.00%,0.00%
Anaxyrus americanus,2,2,00:00:07,0.00%,0.00%
Anemia,2,1,00:00:06,0.00%,0.00%
Anemia wightiana,2,1,00:00:14,0.00%,0.00%
angola,2,1,00:00:05,0.00%,0.00%
animalia,2,2,00:00:08,0.00%,0.00%
anolis tropidogaster,2,1,00:00:27,0.00%,0.00%
anolis zeus,2,1,00:00:04,0.00%,0.00%
anomodon attenuatus,2,1,00:00:43,0.00%,0.00%
anomura,2,1,00:00:05,0.00%,0.00%
ANOMURA,2,2,00:00:18,0.00%,50.00%
anopheles gambiae,2,2,00:00:11,0.00%,0.00%
anser,2,2,00:00:28,0.00%,0.00%
anthemis cretica,2,1,00:00:07,0.00%,0.00%
anthoceros punctatus,2,2,00:00:27,0.00%,0.00%
Anthoxanthum,2,1,00:00:20,0.00%,0.00%
Anthurium,2,2,00:09:40,0.00%,0.00%
anymals,2,1,00:01:02,0.00%,0.00%
Aonyx cinereus,2,1,00:00:11,0.00%,50.00%
Aorolaimus banoae,2,2,00:02:18,0.00%,0.00%
Aphasmatylenchus nigeriensis,2,2,01:12:46,0.00%,50.00%
API,2,2,00:00:10,0.00%,0.00%
API R,2,1,00:00:13,0.00%,0.00%
apidae,2,1,00:00:17,0.00%,0.00%
Apocephalus borealis,2,2,00:01:34,0.00%,50.00%
apodemus,2,1,00:00:19,0.00%,0.00%
Aquila,2,2,00:00:35,0.00%,0.00%
Ara,2,1,00:00:12,0.00%,0.00%
ara macao,2,2,00:00:55,0.00%,0.00%
ara militaris,2,2,00:00:19,0.00%,0.00%
arabidopsis,2,1,00:00:04,0.00%,0.00%
Araneae,2,2,00:00:19,0.00%,0.00%
arbacia,2,1,00:01:08,0.00%,50.00%
archiacanthocephala,2,1,00:00:36,0.00%,0.00%
archidendron pauciflorum,2,1,00:00:08,0.00%,0.00%
Ardea cocoi,2,1,00:00:28,0.00%,0.00%
arenaria ciliata,2,1,00:00:07,0.00%,0.00%
arenarius,2,1,00:00:12,0.00%,0.00%
argia,2,1,00:00:07,0.00%,0.00%
argopecten,2,1,00:00:07,0.00%,50.00%
arion vulgaris,2,1,00:00:14,0.00%,0.00%
Arisarum,2,2,00:00:00,0.00%,100.00%
Aristotelia braithwaitei,2,1,00:00:04,0.00%,0.00%
Arnioceras,2,1,00:06:31,0.00%,0.00%
Arnioceras ceratides,2,1,00:01:39,0.00%,0.00%
artimisa vulgaris,2,1,00:00:38,0.00%,50.00%
asclepias,2,2,00:00:06,0.00%,0.00%
Asclepias,2,2,00:00:10,0.00%,0.00%
asclepias syriaca,2,1,00:00:04,0.00%,0.00%
Aseroe ruba,2,1,00:00:18,0.00%,0.00%
Asparagaceae,2,1,00:00:22,0.00%,0.00%
asparagus,2,2,00:00:06,0.00%,0.00%
Aspergillus,2,1,00:00:16,0.00%,0.00%
asplenium fontanum,2,2,00:00:00,0.00%,100.00%
Astragalus clarianus,2,1,00:05:38,0.00%,0.00%
Astragalus ilyricus,2,1,00:00:05,0.00%,0.00%
Asynarchus,2,1,00:44:02,0.00%,0.00%
atriplex halimus,2,1,00:00:20,0.00%,0.00%
Atriplex halimus,2,1,00:00:08,0.00%,0.00%
Atriplex nummularia Lindl.,2,2,00:00:17,0.00%,0.00%
auchenorryncha,2,1,00:08:54,0.00%,0.00%
Auricularia cornea,2,2,00:01:49,0.00%,0.00%
Autun,2,2,00:00:11,0.00%,0.00%
aves,2,1,00:00:08,0.00%,0.00%
azola,2,1,00:00:12,0.00%,0.00%
Azolla rubra,2,1,00:00:12,0.00%,0.00%
Babiana,2,1,00:00:05,0.00%,0.00%
Bacillus megaterium,2,1,00:09:41,0.00%,0.00%
bactris guineensis,2,2,00:00:10,0.00%,0.00%
balaena mysticetus,2,1,00:00:12,0.00%,0.00%
Balanophyllia scabra,2,1,00:00:25,0.00%,0.00%
Baryphyma kulczynskii,2,1,00:00:18,0.00%,0.00%
BASE DE DATOS DE Apis mellifera,2,1,00:00:13,0.00%,0.00%
basking shark,2,1,00:00:33,0.00%,0.00%
bat,2,1,00:10:43,0.00%,0.00%
bat in mexico,2,1,00:00:30,0.00%,50.00%
batfish,2,1,00:00:17,0.00%,0.00%
bathyraja violacea,2,2,00:00:32,0.00%,0.00%
Bats,2,2,00:00:20,0.00%,0.00%
BDFL,2,1,00:00:05,0.00%,0.00%
beaver,2,1,00:00:19,0.00%,0.00%
bee,2,2,00:00:09,0.00%,0.00%
bees,2,2,00:00:06,0.00%,0.00%
begonia andersonii,2,1,00:00:50,0.00%,0.00%
begonia baramensis,2,1,00:00:24,0.00%,0.00%
begonia bengohensis,2,1,00:00:17,0.00%,0.00%
begonia bintang,2,1,00:00:23,0.00%,0.00%
begonia corrugata,2,1,00:00:32,0.00%,0.00%
begonia cyanescens,2,1,00:00:19,0.00%,0.00%
begonia dimorphabegonia divergens,2,1,00:00:20,0.00%,0.00%
begonia divergens,2,1,00:01:14,0.00%,0.00%
begonia flavovirens,2,1,00:00:27,0.00%,0.00%
begonia gibbsiae,2,1,00:00:16,0.00%,0.00%
begonia gueritziana,2,1,00:00:17,0.00%,0.00%
begonia incompta,2,1,00:00:22,0.00%,0.00%
begonia inobongensis,2,1,00:00:08,0.00%,0.00%
begonia jugamensis,2,1,00:00:12,0.00%,0.00%
begonia julaihiana,2,1,00:00:09,0.00%,0.00%
begonia kiamfeei,2,1,00:00:21,0.00%,0.00%
begonia madaiensis,2,1,00:00:29,0.00%,0.00%
begonia sirukitii,2,1,00:01:20,0.00%,0.00%
bemisia tabaci,2,2,00:00:08,0.00%,50.00%
berberis aristata,2,1,00:01:12,0.00%,50.00%
bidens pilosa,2,2,00:00:24,0.00%,0.00%
bike,2,2,00:00:06,0.00%,0.00%
biodiversity OR species,2,1,00:00:31,0.00%,0.00%
biodiversity spatial analysis,2,2,00:00:00,100.00%,100.00%
biscutella didyma,2,1,00:00:07,0.00%,0.00%
Biscutella didyma,2,1,00:00:11,0.00%,0.00%
Biwamelania,2,1,00:00:11,0.00%,0.00%
Black Chinned Hummingbird,2,2,00:00:10,0.00%,50.00%
black headed gull,2,1,00:00:06,0.00%,0.00%
Black rhinoceros,2,1,00:00:27,0.00%,0.00%
black tree fern,2,1,00:00:04,0.00%,0.00%
black-fronted forktail,2,1,00:00:06,0.00%,50.00%
blue pumpkin beetle,2,2,00:00:00,0.00%,100.00%
blueberry,2,2,00:07:11,0.00%,50.00%
boehmia,2,1,00:00:07,0.00%,50.00%
Boidae,2,2,00:00:15,0.00%,0.00%
boletus edulis,2,1,00:00:04,0.00%,50.00%
Bombus occidentalis,2,1,00:00:08,0.00%,0.00%
Bombus subterraneus,2,2,00:00:08,0.00%,0.00%
Bothriurus,2,1,00:00:06,0.00%,0.00%
Botrychium lunaria,2,2,00:00:44,0.00%,50.00%
Botryococcus Braunii,2,1,00:00:16,0.00%,0.00%
Bottelnose dolphine,2,1,00:00:08,0.00%,0.00%
brachidontes,2,1,00:00:23,0.00%,0.00%
Brachistosternus angustimanus,2,1,00:00:40,0.00%,0.00%
Brachypodium distachyon,2,2,00:00:16,0.00%,50.00%
Brachypodium pinnatum,2,1,00:00:16,0.00%,0.00%
branchiostoma,2,2,00:00:42,0.00%,50.00%
brazil,2,2,00:04:36,0.00%,50.00%
brazil flora,2,1,00:00:19,0.00%,0.00%
british columbia seabird,2,1,00:00:13,0.00%,0.00%
Brittanichthys,2,2,00:00:00,0.00%,100.00%
bromeliaceae,2,2,00:00:48,0.00%,0.00%
Bromus tectorum + Europe,2,1,00:00:16,0.00%,0.00%
brown mussel,2,1,00:00:11,0.00%,0.00%
brunia,2,1,00:00:06,0.00%,0.00%
Brycinus kingsleyae,2,1,00:00:34,0.00%,50.00%
Bufo,2,2,00:00:38,0.00%,0.00%
bufo marinus,2,1,00:00:08,0.00%,0.00%
building capacity,2,1,00:00:46,0.00%,0.00%
Bulbophyllum pachyrhachis,2,1,00:00:13,0.00%,0.00%
bullfrog,2,2,00:00:07,0.00%,0.00%
burrington,2,2,00:00:17,0.00%,50.00%
buteo jamaicensis,2,1,00:00:09,0.00%,0.00%
buteo vulgaris,2,1,00:00:11,0.00%,50.00%
butterfly,2,2,00:00:16,0.00%,50.00%
buxus,2,1,00:02:41,0.00%,0.00%
caesalpinia echinata,2,2,00:00:09,0.00%,0.00%
cafe,2,2,00:00:12,0.00%,0.00%
caldesia parnassifolia,2,1,00:00:07,0.00%,0.00%
Calibasis,2,1,00:00:06,0.00%,0.00%
calicotome villosa,2,1,00:00:15,0.00%,50.00%
california,2,2,00:00:00,0.00%,100.00%
Caligo arisbe,2,2,00:00:13,0.00%,50.00%
Callibasis,2,1,00:00:05,0.00%,0.00%
Callinectes sapidus,2,1,00:17:18,0.00%,50.00%
Callistemon rigidus R.Br.,2,2,00:00:15,0.00%,0.00%
Callitris tuberculata,2,2,00:00:00,100.00%,100.00%
Callitrix,2,1,00:00:10,0.00%,0.00%
Calongea,2,1,00:00:08,0.00%,0.00%
calosoma mexico,2,1,00:00:23,0.00%,0.00%
Calospora bahiensis,2,1,00:01:26,0.00%,0.00%
calycotome villosa,2,1,00:00:06,0.00%,0.00%
Campsomeris,2,1,00:00:04,0.00%,0.00%
can,2,2,00:01:31,0.00%,0.00%
canada,2,2,00:00:12,0.00%,50.00%
canadensys,2,1,00:00:19,0.00%,50.00%
canadian lynx,2,2,00:00:07,0.00%,0.00%
canarium,2,1,00:00:10,0.00%,0.00%
canarium ovatum,2,1,00:00:08,0.00%,0.00%
canary,2,1,00:00:08,0.00%,0.00%
cane toad,2,1,00:00:07,0.00%,0.00%
canguro,2,1,00:00:04,0.00%,0.00%
Canis lupus baileyi,2,2,00:00:55,0.00%,0.00%
capsicum,2,2,00:00:14,0.00%,0.00%
caranx lugubris,2,1,00:00:12,0.00%,50.00%
Carcharhinus limbatus,2,1,00:00:15,0.00%,0.00%
Carcharias taurus,2,2,00:00:16,0.00%,50.00%
carcharodon,2,2,00:00:35,0.00%,0.00%
Caretta caretta,2,2,00:00:27,0.00%,50.00%
Carex aquatilis,2,1,00:01:33,0.00%,0.00%
carp,2,2,00:00:15,0.00%,0.00%
Carpinus,2,2,00:00:11,0.00%,0.00%
Carpinus tropicalis,2,1,00:00:06,0.00%,0.00%
carpodacus,2,1,00:00:14,0.00%,0.00%
Caryocar brasiliensis,2,1,00:00:09,0.00%,0.00%
casuarina equisetifolia var equisetifolia,2,1,00:00:40,0.00%,0.00%
cat,2,2,00:00:28,0.00%,0.00%
Caulerpa taxifolia distichophylla,2,1,00:00:10,0.00%,0.00%
cavia porcellus,2,2,00:00:09,0.00%,0.00%
Cebus,2,1,00:00:06,0.00%,0.00%
cebus libidinosus,2,1,00:00:07,0.00%,0.00%
cecropia,2,1,00:00:15,0.00%,0.00%
cecropia peltata,2,1,00:00:02,0.00%,50.00%
Cedrela odorata,2,1,00:18:26,0.00%,0.00%
cenchrus,2,2,00:00:20,0.00%,50.00%
Central American spider monkey,2,1,00:00:19,0.00%,0.00%
cepaea hortelensis,2,1,00:00:41,0.00%,0.00%
cephalotus,2,1,00:00:06,0.00%,0.00%
Cerambycidae,2,1,00:00:54,0.00%,0.00%
CERAMBYCIDAE,2,1,00:00:21,0.00%,0.00%
cerastium holosteoides,2,1,00:00:06,0.00%,0.00%
ceratophyllum,2,1,00:00:05,0.00%,0.00%
cercospora,2,1,00:00:23,0.00%,0.00%
Cereus repandus,2,1,00:01:05,0.00%,0.00%
ceroxylon,2,1,00:00:07,0.00%,0.00%
Cervus elaphus,2,1,00:00:07,0.00%,0.00%
cetaceans,2,1,00:00:08,0.00%,0.00%
chaceon,2,2,00:01:53,0.00%,0.00%
Chaetodipus,2,1,00:00:17,0.00%,0.00%
chamomile,2,1,00:00:06,0.00%,0.00%
Chara aspera,2,1,00:00:07,0.00%,0.00%
Chara corallina,2,1,00:02:08,0.00%,0.00%
charcharodon carcharias,2,2,00:00:00,0.00%,100.00%
chaya,2,1,00:00:04,0.00%,0.00%
cheetah,2,2,00:00:09,0.00%,50.00%
Chelonia mydas,2,1,00:00:15,0.00%,0.00%
Chelonoidis carbonaria,2,2,00:02:08,0.00%,0.00%
chile,2,2,00:00:14,0.00%,50.00%
chimpance,2,1,00:00:09,0.00%,0.00%
chinchona pubescens,2,1,00:02:24,0.00%,50.00%
Chinese pangolin,2,1,00:00:13,0.00%,0.00%
chionomys nivalis,2,1,00:00:27,0.00%,0.00%
Chironomidae,2,1,00:00:06,0.00%,0.00%
Chironomini,2,2,00:00:00,100.00%,100.00%
chiroptera,2,2,00:00:15,0.00%,50.00%
chital,2,2,00:00:12,0.00%,50.00%
Chlamyphorus truncates,2,1,00:02:07,0.00%,0.00%
Chlopsis dentatus,2,1,00:00:12,0.00%,0.00%
chloris pluriflora,2,1,00:00:06,0.00%,0.00%
chrysemys picta,2,1,00:00:09,0.00%,0.00%
chufa,2,1,00:00:11,0.00%,0.00%
cimex carinatus,2,1,00:00:09,0.00%,0.00%
Cinnamomum,2,1,00:00:03,0.00%,50.00%
Cinnamomum litsaefolium,2,1,00:00:07,0.00%,0.00%
Cinomys mexicanus,2,2,00:02:22,0.00%,0.00%
citizen science,2,2,00:00:38,0.00%,0.00%
Citrus microcarpa,2,1,00:07:56,0.00%,0.00%
clanga pomarina,2,1,00:00:29,0.00%,0.00%
clavaria zollingeri,2,1,00:00:13,0.00%,0.00%
Clematis vitalba,2,1,00:00:08,0.00%,0.00%
clethra scabra,2,1,00:03:27,0.00%,0.00%
clidemia hirta,2,1,00:00:34,0.00%,0.00%
Clytostoma,2,1,00:00:06,0.00%,0.00%
Coast horned lizard,2,1,00:00:14,0.00%,0.00%
Coccoloba acuminata,2,1,00:33:11,0.00%,0.00%
Cochliobolus geniculatus,2,1,00:05:54,0.00%,0.00%
Coelorrhina babaulti,2,1,00:00:07,0.00%,0.00%
coffea arabica,2,2,00:01:32,0.00%,0.00%
coleoptera,2,2,00:00:13,0.00%,50.00%
Colibri,2,1,00:00:57,0.00%,0.00%
Colocasia esculenta,2,1,00:00:16,0.00%,0.00%
Colocasia gigantean,2,2,00:00:08,0.00%,0.00%
Colombia,2,2,00:00:30,0.00%,0.00%
colophospermum mopane,2,1,00:03:11,0.00%,50.00%
Colutea arborescens,2,1,00:00:05,0.00%,0.00%
conejo,2,1,00:00:23,0.00%,0.00%
conejo cola de algodon,2,1,00:00:11,0.00%,0.00%
conent managment,2,1,00:00:39,0.00%,0.00%
conepatus semistriatus,2,1,00:00:10,0.00%,0.00%
Conepatus semistriatus,2,1,00:00:11,0.00%,0.00%
Coniothyrium tamaricis,2,1,00:00:11,0.00%,50.00%
Conocephallum,2,1,00:00:03,0.00%,0.00%
Conocephalum conicum,2,1,00:00:05,0.00%,50.00%
Coprinus plicatilis,2,1,00:01:09,0.00%,0.00%
Copris,2,1,00:00:16,0.00%,0.00%
Coral,2,2,00:04:10,0.00%,0.00%
Corbicula fluminea,2,2,00:00:28,0.00%,50.00%
Cordia dentata,2,1,00:08:16,0.00%,50.00%
Cordia tenuifolia,2,2,00:00:15,0.00%,0.00%
Cordulegaster boltonii,2,1,00:00:38,0.00%,0.00%
corethrodendron scoparium,2,1,00:00:38,0.00%,50.00%
cortinarius corrosus,2,1,00:16:54,0.00%,50.00%
country code,2,2,00:00:24,0.00%,0.00%
countrycode,2,2,00:00:08,0.00%,0.00%
coyote,2,2,00:00:07,0.00%,0.00%
Crassula,2,1,00:00:04,0.00%,0.00%
Cratoneuron,2,1,00:00:05,0.00%,0.00%
cretica,2,1,00:00:06,0.00%,0.00%
Cricetidae,2,1,00:06:40,0.00%,0.00%
Crinoidi,2,1,00:00:22,0.00%,0.00%
Crocodylus Acutus,2,1,00:00:15,0.00%,0.00%
crocus,2,2,00:00:18,0.00%,0.00%
Crotalus,2,2,00:01:08,0.00%,0.00%
crustacea,2,2,00:00:13,0.00%,0.00%
csv format,2,1,00:00:33,0.00%,0.00%
Ctenophthalmus agyrtes carnicus,2,1,00:00:06,0.00%,0.00%
culex,2,2,00:00:10,0.00%,0.00%
Cuvierichelys,2,1,00:00:18,0.00%,0.00%
Cyathea medullaris,2,1,00:00:07,0.00%,50.00%
Cyclades,2,2,00:00:10,0.00%,0.00%
cydalima perspectalis,2,2,00:00:54,0.00%,0.00%
cymbidum,2,1,00:00:14,0.00%,0.00%
Cyperus rotundus,2,1,00:00:06,0.00%,50.00%
Cypraea,2,1,00:00:05,0.00%,0.00%
Dacryodes klaineana,2,2,00:00:22,0.00%,50.00%
Dactylis,2,1,00:00:19,0.00%,0.00%
Dactylium lycopersici,2,1,00:00:19,0.00%,50.00%
dadocrinus,2,1,00:00:13,0.00%,0.00%
Dadocrinus,2,1,00:00:16,0.00%,0.00%
Dadocrinus gracilis,2,1,00:00:14,0.00%,0.00%
dalbergia,2,1,00:00:07,0.00%,0.00%
Daldinia concentrica,2,2,00:00:40,0.00%,0.00%
Dalea citridora,2,1,00:00:12,0.00%,0.00%
danaea falcata,2,1,00:00:04,0.00%,0.00%
danaea lancea,2,1,00:00:06,0.00%,0.00%
danea,2,1,00:00:04,0.00%,0.00%
Daphnusa ocellaris,2,2,00:19:05,0.00%,0.00%
Darwin Core XML,2,1,00:01:12,0.00%,50.00%
Dasypus kappleri,2,1,00:00:09,0.00%,0.00%
data hyphen,2,2,00:00:06,0.00%,0.00%
Data Rights and usage statement,2,1,00:00:09,0.00%,0.00%
dataone,2,1,00:00:07,0.00%,50.00%
DATASETS,2,1,00:01:22,0.00%,0.00%
Datura stramonium,2,1,00:02:26,0.00%,0.00%
daubentonia,2,1,00:00:05,0.00%,0.00%
Daubentonia madagascariensis,2,1,00:00:05,0.00%,0.00%
Davallia teyermannii,2,1,00:02:01,0.00%,0.00%
dencoeliopsis,2,1,00:00:13,0.00%,50.00%
Dendroaspis,2,1,00:00:12,0.00%,50.00%
dendroctonus rufipennis,2,1,00:00:32,0.00%,0.00%
denmark,2,2,00:00:14,0.00%,0.00%
Dermacentor variabilis,2,1,00:00:04,0.00%,0.00%
Desmodium,2,1,00:00:22,0.00%,0.00%
Deutzia paniculata,2,1,00:00:03,0.00%,0.00%
Dianthuss,2,1,00:00:05,0.00%,0.00%
Diaportaceae,2,1,00:00:16,0.00%,0.00%
Diaspis bromeliae,2,1,00:00:09,0.00%,0.00%
diatom,2,2,00:00:05,0.00%,0.00%
Dibturus batis,2,1,00:04:56,0.00%,50.00%
dichapetalum pallidum,2,1,00:00:14,0.00%,0.00%
Dichrostachys,2,1,00:00:09,0.00%,0.00%
Dicranum,2,1,00:31:23,0.00%,0.00%
Dicranum montanum,2,2,00:00:10,0.00%,50.00%
Dictyosiphon foeniculaceus,2,1,00:00:15,0.00%,0.00%
didelphis,2,2,00:00:36,0.00%,0.00%
didelphis marsupialis,2,2,00:00:17,0.00%,0.00%
digitalis,2,2,00:00:05,0.00%,50.00%
dinophysis,2,1,00:00:06,0.00%,50.00%
dioscorea cirrhosa,2,1,00:00:58,0.00%,0.00%
diospyros,2,2,00:10:44,0.00%,0.00%
Diploicia,2,1,00:00:09,0.00%,0.00%
diploneis,2,1,00:00:04,0.00%,0.00%
dipsacales,2,1,00:01:31,0.00%,0.00%
Disa cardinalis,2,1,00:00:17,0.00%,0.00%
dissacus,2,1,00:00:58,0.00%,0.00%
distribution quercus,2,1,00:00:09,0.00%,0.00%
distribution?page=2,2,2,00:03:59,0.00%,0.00%
distribution?page=3,2,2,00:00:10,0.00%,50.00%
dolphins,2,1,00:00:23,0.00%,0.00%
dormouse,2,2,00:00:00,0.00%,100.00%
download,2,2,00:00:05,0.00%,0.00%
dreissena polymorpha,2,2,00:00:12,0.00%,0.00%
drosanthemum,2,1,00:00:24,0.00%,0.00%
Drosophila busckii,2,1,00:00:15,0.00%,0.00%
Drymaeus,2,1,00:00:07,0.00%,0.00%
Drymaeus branneri,2,1,00:00:31,0.00%,0.00%
duranguensis,2,1,00:03:27,0.00%,0.00%
earthquake,2,1,00:00:32,0.00%,50.00%
earthworm community,2,2,00:00:11,0.00%,0.00%
Eastern Meadow Mouse,2,1,00:00:12,0.00%,0.00%
eastern spiny softshell,2,1,00:00:10,0.00%,0.00%
ebbe nielsen,2,2,00:00:14,0.00%,0.00%
echinacea purpurea,2,1,00:10:28,0.00%,0.00%
/Echiniscoides Plate, 1888",2,1,00:03:40,0.00%,0.00%
Echinodorus magdalenensis,2,1,00:00:24,0.00%,0.00%
echiostachys,2,1,00:00:25,0.00%,0.00%
Eisenia gordejeffi,2,2,00:00:00,100.00%,100.00%
Elasmothemis,2,1,00:03:04,0.00%,50.00%
Eleocharis vivipara,2,1,00:00:03,0.00%,50.00%
Elephas maximus,2,2,00:00:24,0.00%,0.00%
Elkhorn Coral,2,2,00:00:04,0.00%,0.00%
emmericia,2,1,00:00:17,0.00%,0.00%
Empidonax traillii,2,1,00:02:07,0.00%,0.00%
enterobacter aerogenes,2,1,00:00:08,0.00%,0.00%
enterolobium,2,1,00:00:05,0.00%,0.00%
enterolobium cyclovarpum,2,1,00:00:05,0.00%,0.00%
epiphyas,2,2,00:00:11,0.00%,0.00%
epiphyas postvittana,2,2,00:00:16,0.00%,0.00%
erectus Java Man,2,2,00:01:02,0.00%,0.00%
erectus OR Java Man,2,2,00:00:02,0.00%,50.00%
erinaceus europaeus,2,1,00:00:13,0.00%,0.00%
Eriocheir,2,1,00:00:05,0.00%,0.00%
Eryngium humile.,2,1,00:00:05,0.00%,0.00%
Euagassiceras,2,1,00:00:06,0.00%,0.00%
eucalyptus,2,1,00:00:33,0.00%,0.00%
Eucalyptus grandis W.Hill,2,1,00:18:15,0.00%,50.00%
eucandona,2,1,00:02:39,0.00%,0.00%
Eudyptula minor,2,1,00:07:50,0.00%,0.00%
Eulophia streptopetala,2,1,00:00:07,0.00%,0.00%
Eumantispa harmandi,2,1,00:00:12,0.00%,0.00%
Eupatorium,2,2,00:00:03,0.00%,50.00%
Eupatorium intermedium,2,1,00:00:06,0.00%,0.00%
Euphorbia,2,1,00:00:11,0.00%,0.00%
euthrips occidentalis,2,1,00:00:02,0.00%,0.00%
excel,2,2,00:01:42,0.00%,0.00%
Fagaceae,2,1,00:00:21,0.00%,50.00%
Fagus occurrence,2,1,00:00:12,0.00%,0.00%
fagus sylvatica,2,2,00:00:07,0.00%,50.00%
Falco,2,2,00:00:27,0.00%,0.00%
Falco peregrinus,2,2,00:16:02,0.00%,0.00%
Fallow deer,2,1,00:00:08,0.00%,0.00%
fauna de juchitán,2,1,00:02:41,0.00%,0.00%
felidae,2,2,00:00:11,0.00%,50.00%
ferns humata,2,1,00:00:16,0.00%,0.00%
Ferocactus,2,1,00:00:07,0.00%,0.00%
festuca,2,1,00:00:12,0.00%,0.00%
foraminifera,2,1,00:00:07,0.00%,50.00%
Fragilariopsis,2,1,00:00:12,0.00%,0.00%
fritillaria,2,2,00:00:38,0.00%,0.00%
Frullania,2,2,00:00:15,0.00%,0.00%
fuk,2,1,00:00:09,0.00%,0.00%
fuligo septicula,2,1,00:00:09,0.00%,50.00%
Fullica americana,2,1,00:00:10,0.00%,0.00%
fulviformes rimosus,2,1,00:00:05,0.00%,0.00%
Fungia fungites,2,1,00:00:15,0.00%,0.00%
fusarium solani,2,1,00:00:31,0.00%,0.00%
galemys pyrenaicus,2,1,00:00:10,0.00%,0.00%
galium viridiflorum,2,2,00:00:07,0.00%,50.00%
gallus gallus,2,2,00:00:00,0.00%,100.00%
Gammarus,2,1,00:00:27,0.00%,0.00%
ganoderma,2,2,00:48:42,0.00%,50.00%
Garza,2,1,00:00:02,0.00%,0.00%
Gastrina cristaria,2,1,00:00:17,0.00%,50.00%
gastropoda,2,1,00:00:14,0.00%,0.00%
Gaur,2,2,00:00:16,0.00%,0.00%
gazella gazella,2,1,00:00:19,0.00%,0.00%
gb18,2,1,00:00:26,0.00%,0.00%