esox lucius,41,1.54,2.44%,9.52%,00:09:48,5.93
Bombina variegata,37,2.54,0.00%,46.81%,00:21:24,24.81
Algyroides marchi,34,1.44,2.94%,2.04%,00:21:01,7.03
puma concolor,31,2.29,3.23%,26.76%,00:20:27,15.52
sorbus aria,29,1.48,3.45%,6.98%,00:03:48,2.07
panthera onca,27,2.33,11.11%,22.22%,00:14:25,11.33
Enoplea,22,1.45,81.82%,3.12%,00:03:12,1.18
gammarus locusta,20,2.00,0.00%,30.00%,00:42:29,13.25
Turbellaria,20,1.30,90.00%,0.00%,00:00:08,0.35
bullfrog,19,1.58,0.00%,16.67%,00:13:51,4.26
canis lupus,19,1.37,5.26%,34.62%,00:09:55,7.89
Gammarus locusta,18,1.78,0.00%,31.25%,00:37:44,16.17
Castor fiber,17,2.47,0.00%,57.14%,00:22:47,35.18
elephant,17,2.00,0.00%,23.53%,00:14:17,6.12
Esox lucius,17,1.24,0.00%,14.29%,00:13:21,6.29
lynx pardinus,17,1.47,5.88%,20.00%,00:06:20,4.29
passeridae,17,3.82,0.00%,4.62%,00:20:06,11.06
Chromadorea,16,1.31,62.50%,4.76%,00:05:29,0.94
Sorbus aria,16,1.56,12.50%,12.00%,00:07:39,4.88
Angraecum aviceps,15,1.00,26.67%,73.33%,00:17:53,0.00
canis latrans,15,3.00,6.67%,22.22%,00:18:32,12.00
quercus ilex,15,2.13,0.00%,37.50%,00:10:19,5.00
Bryum algovicum,14,1.57,0.00%,95.45%,00:08:14,0.00
Bullfrog,14,2.57,0.00%,11.11%,00:13:11,5.93
homo sapiens,14,1.50,7.14%,57.14%,00:06:30,5.43
tiger,14,1.93,0.00%,40.74%,00:05:38,5.86
Xanthomonas campestris pv. betae,14,1.00,57.14%,0.00%,00:00:01,0.43
aedes,13,2.38,0.00%,29.03%,00:02:12,3.46
Cottus gobio,13,2.54,7.69%,42.42%,00:11:01,19.69
"dominicanus Van Doesburg, 1953",13,1.00,69.23%,15.38%,00:12:50,0.31
Lynx pardinus,13,1.77,7.69%,39.13%,00:02:40,3.38
castor fiber,12,2.33,0.00%,50.00%,00:19:19,16.17
claytonia perfoliata,12,1.58,83.33%,15.79%,00:03:19,1.33
lion,12,1.42,8.33%,23.53%,00:09:15,5.58
Triturus cristatus,12,2.67,8.33%,43.75%,00:14:33,23.25
Aedes aegypti,11,1.64,0.00%,50.00%,00:18:38,9.64
aves,11,1.18,0.00%,15.38%,00:36:20,8.45
Carcharodon carcharias,11,1.27,63.64%,21.43%,00:07:04,2.09
Haliaeetus leucocephalus,11,1.55,9.09%,35.29%,00:14:20,4.18
lynx,11,1.09,0.00%,41.67%,00:09:03,1.64
Plantae,11,1.73,45.45%,21.05%,00:10:21,4.09
Thomasomys,11,3.09,9.09%,2.94%,01:06:57,19.82
Acacia bahiensis,10,1.00,90.00%,10.00%,00:02:30,1.30
Animalia,10,3.20,20.00%,28.12%,00:19:40,53.80
Apis mellifera,10,1.50,20.00%,40.00%,00:03:18,5.10
Apteryx,10,1.20,0.00%,8.33%,00:05:27,6.30
Balaenoptera musculus,10,1.40,0.00%,42.86%,00:00:52,1.10
Canis lupus,10,3.20,10.00%,21.88%,00:19:06,17.40
eledone moschata,10,1.70,0.00%,52.94%,00:04:16,9.80
galium viridiflorum,10,1.90,0.00%,36.84%,00:33:39,35.10
Homo sapiens,10,1.20,0.00%,50.00%,00:09:59,1.40
Lumbricidae,10,1.80,80.00%,0.00%,00:01:03,1.10
lutra lutra,10,2.10,10.00%,33.33%,00:10:02,8.00
macaca sylvanus,10,1.40,0.00%,0.00%,00:14:01,11.10
myotis myotis,10,1.50,0.00%,40.00%,00:13:05,19.00
OPILIOACARIDA,10,1.50,0.00%,0.00%,00:10:32,6.40
Orcinus orca,10,1.60,40.00%,37.50%,00:02:10,0.90
panthera leo,10,2.00,0.00%,25.00%,00:09:18,8.90
Panthera onca,10,1.90,0.00%,36.84%,00:06:35,3.60
pinus,10,1.20,20.00%,41.67%,00:02:43,4.80
Puma concolor,10,1.30,10.00%,30.77%,00:06:57,12.50
Quercus ilex,10,1.40,0.00%,28.57%,00:00:34,1.10
Typha angustifolia,10,1.50,0.00%,20.00%,00:34:29,39.50
Aedes,9,2.56,0.00%,8.70%,00:11:22,10.33
Ageratum conyzoides,9,1.44,0.00%,53.85%,00:11:04,24.44
Amoebozoa,9,1.11,55.56%,20.00%,00:08:33,1.00
apis mellifera,9,1.22,11.11%,45.45%,00:07:20,11.22
ara militaris,9,2.22,0.00%,10.00%,00:18:15,9.11
atriplex halimus,9,1.89,22.22%,35.29%,00:01:31,3.00
cache:to19ZfQER8YJ:www.gbif.org/contact/directory-of-contacts,9,1.00,100.00%,0.00%,00:00:00,0.00
canis rufus,9,1.67,11.11%,6.67%,00:08:41,8.00
citrus latifolia,9,1.89,11.11%,29.41%,00:01:52,1.11
crotalus,9,3.67,0.00%,27.27%,00:18:27,8.89
Cypripedium calceolus,9,2.22,0.00%,40.00%,00:16:32,11.22
marathrum foeniculaceum,9,1.44,0.00%,84.62%,00:13:39,4.00
orcinus orca,9,2.67,11.11%,33.33%,00:08:29,7.44
Panthera leo,9,1.33,0.00%,33.33%,00:02:06,2.56
Picea abies,9,1.67,11.11%,53.33%,00:13:15,3.44
picoides scalaris,9,3.78,22.22%,2.94%,00:09:43,27.56
red panda,9,2.22,0.00%,50.00%,00:11:03,6.56
Ambrosia artemisiifolia,8,1.75,0.00%,50.00%,00:19:22,2.75
Aurelia aurita,8,1.00,87.50%,0.00%,<00:00:01,0.12
bacteria,8,1.75,0.00%,21.43%,00:05:04,11.88
birds,8,2.00,25.00%,31.25%,00:01:35,3.38
calotes versicolor,8,1.62,0.00%,23.08%,00:23:33,23.25
Caretta caretta,8,1.50,37.50%,41.67%,00:05:17,4.62
Cedrela odorata,8,1.75,0.00%,50.00%,00:07:11,2.12
cheetah,8,2.00,12.50%,43.75%,00:03:12,4.00
chiroptera,8,1.62,0.00%,30.77%,00:17:00,21.12
Circus cyaneus,8,1.25,25.00%,30.00%,00:06:47,1.88
cryptazeca monodonta,8,1.75,0.00%,57.14%,00:02:06,1.75
cryptazeca vasconica,8,1.62,0.00%,61.54%,00:00:56,1.38
Cyperus luzulae,8,1.38,37.50%,45.45%,00:16:34,0.88
Dermacoccus nishinomiyaensis,8,2.00,87.50%,6.25%,00:02:30,1.62
elodea nuttallii,8,1.25,0.00%,10.00%,00:12:45,2.88
Erysimum incanum,8,1.38,0.00%,9.09%,00:47:27,55.50
fagus sylvatica,8,1.50,12.50%,33.33%,00:04:30,3.38
fox,8,1.50,0.00%,33.33%,00:04:39,3.75
Guazuma ulmifolia,8,1.62,0.00%,53.85%,00:02:44,1.12
Hapalochlaena maculosa,8,1.25,62.50%,0.00%,00:00:36,0.50
Heliozoa,8,1.38,75.00%,18.18%,00:00:26,0.62
heloderma horridum,8,1.75,0.00%,28.57%,00:05:29,3.88
lepus timidus,8,1.88,0.00%,6.67%,00:06:30,9.88
Lupinus polyphyllus,8,2.25,0.00%,22.22%,00:10:02,5.75
Lutra lutra,8,1.75,0.00%,42.86%,00:04:33,7.12
mola mola,8,1.38,0.00%,27.27%,00:26:22,8.12
mosquito,8,1.75,0.00%,42.86%,00:02:18,3.38
opilioacarida,8,1.50,0.00%,16.67%,00:09:39,7.25
panthera tigris tigris,8,1.25,0.00%,40.00%,00:16:18,11.38
Papilio polyxenes,8,2.12,0.00%,0.00%,00:05:47,10.25
Pistia stratiotes,8,1.62,12.50%,53.85%,00:00:55,0.62
plants,8,1.38,12.50%,27.27%,00:14:26,5.75
Prunus avium,8,1.62,12.50%,53.85%,00:00:43,0.75
Psidium guajava,8,1.75,0.00%,57.14%,00:07:01,1.50
quercus,8,1.50,12.50%,25.00%,00:03:29,3.25
Robinia pseudoacacia,8,2.50,0.00%,20.00%,00:11:04,5.25
suaeda vera,8,1.88,0.00%,60.00%,00:02:34,2.25
sus scrofa,8,2.50,0.00%,15.00%,00:19:15,18.25
trissexodon constrictus,8,1.75,0.00%,64.29%,00:01:37,1.62
Unio crassus,8,1.50,0.00%,66.67%,00:19:44,20.50
ursus americanus,8,1.25,0.00%,10.00%,00:10:04,6.75
Ursus arctos,8,2.38,0.00%,42.11%,00:15:33,7.88
Ximenia americana,8,2.38,12.50%,36.84%,00:17:14,1.88
abies alba,7,1.43,0.00%,50.00%,00:02:23,1.71
acroporium,7,2.57,42.86%,0.00%,00:32:15,16.29
aedes aegypti,7,2.00,0.00%,35.71%,00:10:28,8.86
Agave americana,7,1.29,0.00%,33.33%,00:11:02,3.86
algyroides marchi,7,1.43,14.29%,0.00%,00:05:03,3.71
Alternanthera philoxeroides,7,1.29,0.00%,55.56%,00:04:21,2.00
anastrepha fraterculus,7,1.14,85.71%,12.50%,00:04:04,0.29
Anoura geoffroyi,7,1.57,0.00%,45.45%,00:05:42,7.14
apteryx,7,1.00,0.00%,0.00%,00:17:43,9.71
axis axis,7,1.29,0.00%,44.44%,00:04:06,6.29
Barbastella barbastellus,7,1.43,0.00%,80.00%,00:07:37,8.71
bombina variegata,7,2.29,0.00%,37.50%,00:13:49,16.71
bombus,7,1.43,14.29%,50.00%,00:01:20,2.29
Callospermophilus lateralis,7,4.57,0.00%,28.12%,00:09:03,2.43
Cedrus atlantica,7,1.71,14.29%,58.33%,00:01:08,1.00
Ceiba pentandra,7,1.57,0.00%,63.64%,00:09:07,1.14
colombia,7,1.43,0.00%,20.00%,00:08:44,14.86
Crocodylus acutus,7,1.57,0.00%,54.55%,00:11:46,4.14
crocus,7,31.71,28.57%,3.15%,01:27:42,15.14
Cupriavidus pauculus,7,1.29,100.00%,0.00%,00:00:15,0.29
didelphis,7,1.57,14.29%,36.36%,00:14:32,2.86
Diplodia_maydis,7,2.00,57.14%,0.00%,00:04:19,1.00
Eucalyptus,7,1.86,28.57%,15.38%,00:06:27,1.86
Euphausia superba,7,2.00,42.86%,14.29%,00:08:53,2.71
Ficus benjamina,7,1.71,0.00%,58.33%,00:03:35,1.14
Gammarus Locusta,7,2.00,0.00%,28.57%,00:41:22,18.57
Halictus,7,1.29,85.71%,11.11%,00:03:07,0.14
hypericum,7,1.57,14.29%,27.27%,00:00:50,1.29
limonium,7,3.86,14.29%,18.52%,00:01:45,1.71
lophophora williamsii,7,2.43,0.00%,29.41%,00:09:04,12.71
Macrocystis pyrifera,7,1.43,0.00%,10.00%,00:09:48,5.71
maytenus,7,4.71,14.29%,30.30%,00:05:48,2.86
musa,7,2.29,28.57%,31.25%,00:09:00,7.43
neniatlanta pauli,7,1.71,0.00%,66.67%,00:03:08,1.86
Orchidaceae,7,1.86,0.00%,23.08%,00:15:28,3.00
Paraclytus emili,7,1.14,71.43%,12.50%,00:00:12,0.29
Persea americana,7,1.71,0.00%,33.33%,00:02:53,1.29
Petromyzon marinus,7,1.57,57.14%,0.00%,00:03:25,5.14
Pharomachrus mocinno,7,1.43,14.29%,10.00%,00:10:59,6.57
polar bear,7,1.43,0.00%,20.00%,00:15:14,5.86
Porphyridium sp.,7,1.57,42.86%,9.09%,00:07:14,1.43
potamogeton,7,1.29,28.57%,22.22%,00:08:42,2.14
Prosopis juliflora,7,2.00,0.00%,28.57%,00:20:38,5.71
puma,7,1.43,0.00%,60.00%,00:21:47,12.14
Romerolagus diazi,7,2.00,0.00%,28.57%,00:20:14,17.43
Salvinia molesta,7,1.71,14.29%,33.33%,00:11:56,2.00
Sargassum muticum,7,1.14,0.00%,25.00%,00:00:22,0.86
Sepia officinalis,7,1.14,57.14%,12.50%,00:01:06,0.43
Spermophilus lateralis,7,4.00,0.00%,7.14%,00:05:58,12.71
Terminalia catappa,7,1.43,14.29%,50.00%,00:01:00,0.71
Tyrophagus putrescentiae,7,1.29,0.00%,100.00%,00:00:15,0.00
abies,6,6.67,0.00%,7.50%,00:11:49,13.33
Abies alba,6,1.50,0.00%,66.67%,00:13:46,1.50
Albizia lebbeck,6,1.33,16.67%,50.00%,00:04:16,0.83
amphibian,6,1.50,33.33%,33.33%,00:01:49,0.50
Anatidae,6,4.33,16.67%,3.85%,00:18:22,15.50
Andropogon gerardii,6,2.00,0.00%,41.67%,00:10:40,8.67
anopheles,6,1.67,0.00%,70.00%,00:01:31,3.00
anopheles gambiae,6,1.33,0.00%,0.00%,00:17:05,12.17
Aquila chrysaetos,6,2.33,0.00%,71.43%,00:05:59,4.50
Arabidopsis thaliana,6,1.33,0.00%,62.50%,00:12:14,1.50
Architeuthis dux,6,1.33,50.00%,37.50%,00:13:07,1.00
Azolla filiculoides,6,1.83,0.00%,45.45%,00:12:10,1.17
bengal tiger,6,1.17,16.67%,42.86%,00:15:27,2.83
bird,6,1.17,16.67%,28.57%,00:16:49,5.33
black bear,6,1.67,0.00%,30.00%,00:11:17,3.83
bombus terrestris,6,1.33,0.00%,37.50%,00:04:58,1.17
Bostrichus capucinus,6,1.17,0.00%,28.57%,00:23:01,78.83
brown bear,6,2.00,0.00%,75.00%,00:01:02,1.50
Bursera,6,2.00,0.00%,50.00%,00:22:57,1.67
butterfly,6,1.83,16.67%,18.18%,00:03:05,4.83
Calliandra benth,6,2.00,0.00%,33.33%,00:19:56,25.17
callitriche,6,2.50,16.67%,26.67%,00:12:54,7.67
canada lynx,6,2.00,16.67%,8.33%,00:13:07,12.17
Canis lupus baileyi,6,1.17,0.00%,42.86%,00:10:48,6.50
Cenchrus ciliaris,6,1.00,0.00%,33.33%,00:02:13,2.17
Chinese Pangolin,6,1.50,0.00%,11.11%,00:18:49,11.33
Citrus latifolia,6,2.00,0.00%,58.33%,00:00:58,1.67
clusia,6,1.17,83.33%,14.29%,00:07:46,0.50
coffea,6,2.00,0.00%,41.67%,00:19:23,7.67
colibri,6,1.83,0.00%,9.09%,00:19:34,11.00
Commelina diffusa,6,1.33,0.00%,62.50%,00:10:22,1.00
cottus gobio,6,1.17,0.00%,71.43%,00:14:46,4.17
Crotalaria,6,1.00,0.00%,16.67%,00:21:01,3.50
Cyclanthus bipartitus,6,1.17,50.00%,28.57%,00:01:34,0.33
Cymbopogon densiflorus,6,1.17,100.00%,0.00%,00:04:24,0.00
Cytisus scoparius,6,2.33,0.00%,35.71%,00:05:13,6.33
earthworm,6,3.00,0.00%,33.33%,00:04:43,8.83
elona quimperiana,6,1.50,0.00%,66.67%,00:03:52,3.00
Eloria,6,1.50,100.00%,0.00%,00:00:43,0.00
Faecalibacterium prausnitzii,6,1.67,100.00%,0.00%,00:02:50,0.83
fallopia japonica,6,1.83,0.00%,27.27%,00:09:38,7.00
fish,6,1.17,16.67%,42.86%,00:11:46,9.17
Gadus morhua,6,1.33,83.33%,0.00%,00:04:04,4.33
Galinsoga parviflora,6,2.33,0.00%,42.86%,00:17:17,2.33
gastropoda,6,3.33,16.67%,20.00%,00:12:50,8.17
gittenbergeria turriplana,6,1.00,0.00%,16.67%,00:00:38,1.17
Glaucopsyche nausithous,6,1.33,0.00%,62.50%,00:04:10,7.33
hottentot fig,6,1.67,0.00%,0.00%,00:16:16,7.50
Howea forsteriana,6,2.17,66.67%,30.77%,00:04:00,0.33
Hura crepitans,6,1.83,0.00%,54.55%,00:06:52,2.50
india,6,1.17,16.67%,14.29%,00:07:26,6.50
Jacaranda mimosifolia,6,1.83,33.33%,27.27%,00:09:43,1.83
Lemna minor,6,1.33,0.00%,75.00%,00:07:00,1.00
leopardus pardalis,6,1.50,16.67%,55.56%,00:23:19,6.17
leptonycteris nivalis,6,1.33,0.00%,12.50%,00:10:59,10.00
Leucaena leucocephala,6,1.50,0.00%,55.56%,00:16:10,1.67
Lolliguncula brevis,6,1.33,50.00%,0.00%,00:00:52,1.00
lycaon pictus,6,2.50,0.00%,6.67%,00:08:04,9.17
Maytenus,6,2.00,0.00%,50.00%,00:02:44,1.33
Maytenus senegalensis,6,1.33,16.67%,25.00%,00:06:33,1.33
Megaptera novaeangliae,6,2.17,16.67%,23.08%,00:04:48,1.67
Melanoides tuberculata,6,1.33,0.00%,50.00%,00:04:24,5.50
meleagris gallopavo,6,1.83,0.00%,18.18%,00:23:45,17.67
Mesonychoteuthis hamiltoni,6,1.17,100.00%,0.00%,00:00:17,0.17
mustela,6,2.33,0.00%,50.00%,00:06:45,9.83
Myotis myotis,6,4.00,0.00%,62.50%,00:26:33,33.33
Nezara viridula,6,1.33,0.00%,62.50%,00:07:36,1.67
olea europaea,6,1.00,0.00%,16.67%,00:00:15,1.17
panthera pardus,6,1.83,16.67%,36.36%,00:11:31,8.17
Panthera tigris tigris,6,1.50,0.00%,44.44%,00:06:12,5.83
Passeridae,6,3.17,0.00%,0.00%,00:37:29,7.50
Phragmites australis,6,1.83,0.00%,27.27%,00:06:18,8.67
Pinus,6,1.17,0.00%,71.43%,00:09:55,8.00
Pinus ayacahuite,6,2.83,0.00%,35.29%,00:10:08,10.33
Pinus halepensis,6,3.17,0.00%,21.05%,00:10:10,9.17
Pithecellobium dulce,6,1.50,0.00%,55.56%,00:24:55,2.50
Platycnemis latipes,6,1.83,50.00%,72.73%,00:00:11,0.00
polychaeta,6,3.00,16.67%,22.22%,00:08:33,4.00
Polygonum persicaria,6,1.67,16.67%,60.00%,00:03:35,1.83
populus,6,2.17,16.67%,23.08%,00:04:26,5.50
procyon lotor,6,1.50,0.00%,11.11%,00:06:42,4.00
Prosopis,6,3.33,0.00%,30.00%,00:05:59,3.00
Quercus,6,3.00,0.00%,33.33%,00:02:50,6.83
Quercus robur,6,1.67,16.67%,30.00%,00:06:11,2.67
ranunculus omiophyllus,6,1.50,0.00%,55.56%,00:08:18,5.33
red wolf,6,1.17,0.00%,42.86%,00:01:11,2.50
Rhincodon typus,6,1.17,50.00%,28.57%,00:00:59,0.67
Rutilus rutilus,6,1.00,0.00%,50.00%,00:19:50,3.17
salmon,6,1.50,33.33%,33.33%,00:00:52,1.33
salticidae,6,1.67,0.00%,30.00%,00:06:01,3.83
Scolytus,6,1.00,83.33%,16.67%,00:00:04,0.00
Selaginella,6,1.83,0.00%,27.27%,00:18:48,4.83
SEMC,6,1.17,0.00%,0.00%,00:07:30,14.00
Spondias mombin,6,1.50,0.00%,66.67%,00:03:34,1.50
stachys maritima,6,2.00,16.67%,16.67%,00:02:23,2.83
stellaria media,6,1.67,0.00%,30.00%,00:02:30,4.50
Sus scrofa,6,6.00,0.00%,13.89%,00:32:58,27.33
Tabebuia rosea,6,1.83,0.00%,63.64%,00:05:01,2.00
Tapirus terrestris,6,2.00,0.00%,16.67%,00:07:21,4.33
Taxodium distichum,6,1.67,16.67%,30.00%,00:03:28,2.33
teucrium,6,5.17,0.00%,9.68%,00:03:57,4.83
Thunnus thynnus,6,1.33,50.00%,12.50%,00:04:41,6.50
tringa totanus,6,1.50,0.00%,100.00%,00:07:01,0.50
Tyto alba,6,1.33,16.67%,75.00%,00:22:46,8.50
ursus arctos,6,1.83,0.00%,9.09%,00:03:44,7.17
Ursus maritimus,6,1.50,33.33%,0.00%,00:20:39,6.83
Vampyroteuthis infernalis,6,1.17,33.33%,14.29%,00:02:39,0.67
whiteflies,6,1.00,33.33%,0.00%,00:00:10,0.67
wolf,6,1.17,0.00%,85.71%,00:01:30,2.00
Acacia,5,7.00,0.00%,14.29%,00:20:14,7.20
Acacia farnesiana,5,2.00,0.00%,60.00%,00:08:27,1.40
Acacia mearnsii,5,1.40,0.00%,28.57%,00:04:05,5.40
Aconitum volubile,5,1.80,0.00%,88.89%,00:10:08,2.60
aedes albopictus,5,1.20,0.00%,16.67%,00:00:36,1.60
Agama beniensis,5,1.20,100.00%,0.00%,00:15:26,0.00
agave durangensis,5,2.20,0.00%,45.45%,00:13:40,8.80
Ailuropoda melanoleuca,5,1.60,0.00%,25.00%,00:14:55,5.20
aimophila humeralis,5,1.00,0.00%,0.00%,00:06:43,11.80
Albizia guachapele,5,1.80,0.00%,77.78%,00:03:52,0.80
Albizia saman,5,2.00,0.00%,70.00%,00:05:12,2.60
allium,5,18.40,40.00%,0.00%,01:09:32,20.60
Allium,5,1.60,60.00%,25.00%,00:00:19,0.40
Alternanthera brasiliana,5,1.60,0.00%,62.50%,00:02:22,1.60
amanita muscaria,5,2.40,20.00%,33.33%,00:11:37,7.80
Ambrosia artemisiifolia L.,5,3.80,0.00%,15.79%,00:37:44,20.20
Ambystoma mexicanum,5,1.40,0.00%,28.57%,00:05:32,5.60
Amygdalus davidiana var. davidiana,5,1.20,0.00%,83.33%,00:01:34,1.00
Anas acuta,5,1.40,0.00%,57.14%,00:03:14,2.20
anatidae,5,6.20,0.00%,6.45%,00:48:00,19.60
Anthirrhinum latifolium,5,1.60,0.00%,62.50%,00:04:37,0.00
apinagia fimbrifolia,5,1.00,0.00%,80.00%,00:00:23,1.00
ara macao,5,1.60,0.00%,37.50%,00:05:43,6.00
Aratinga holochlora,5,1.80,0.00%,22.22%,00:05:07,3.40
Arctium minus,5,1.60,0.00%,62.50%,00:05:14,0.80
Arum italicum,5,1.20,0.00%,66.67%,00:01:01,0.80
Asclepias,5,1.40,40.00%,14.29%,00:15:12,3.80
asian black bear,5,1.80,20.00%,33.33%,00:06:52,4.60
aye aye,5,1.40,0.00%,42.86%,00:01:03,2.60
azolla filiculoides,5,2.20,0.00%,36.36%,00:13:42,3.80
bacillus,5,1.60,20.00%,37.50%,00:19:03,2.80
Balaenoptera physalus,5,1.40,20.00%,28.57%,00:00:20,0.80
bald eagle,5,1.40,0.00%,42.86%,00:01:54,2.60
bat,5,2.40,0.00%,25.00%,00:12:32,2.60
beaver,5,2.00,0.00%,30.00%,00:02:49,6.20
bellis perennis,5,1.60,0.00%,37.50%,00:10:02,1.40
bemisia tabaci,5,1.80,0.00%,33.33%,00:10:14,12.80
Boa constrictor,5,2.20,20.00%,9.09%,00:03:23,5.00
Boerhavia diffusa,5,1.60,0.00%,62.50%,00:01:42,1.40
Bursera simaruba,5,1.40,0.00%,57.14%,00:21:49,1.60
butterflies,5,1.40,0.00%,14.29%,00:03:19,9.00
Caenorhabditis elegans,5,1.20,20.00%,83.33%,00:02:19,0.40
Caesalpinia decapetala,5,2.00,0.00%,50.00%,00:07:23,1.80
canis,5,1.80,20.00%,22.22%,00:27:09,14.00
Canis latrans,5,1.40,0.00%,28.57%,00:04:19,6.20
Cardinalis cardinalis,5,4.00,0.00%,25.00%,00:22:29,5.60
Catharanthus roseus,5,1.20,0.00%,66.67%,00:01:46,1.20
Cathartes aura,5,1.60,0.00%,50.00%,00:03:32,1.20
Cecropia peltata,5,1.60,0.00%,62.50%,00:03:05,1.40
cedrela odorata,5,2.60,0.00%,38.46%,00:04:13,1.60
Centaurea solstitialis,5,1.00,0.00%,40.00%,00:01:10,1.20
Centella asiatica,5,1.40,0.00%,57.14%,00:01:38,2.60
Cephaloncheres,5,1.00,100.00%,0.00%,00:00:00,0.00
cereus peruvianus,5,1.40,100.00%,0.00%,00:00:04,0.40
Chamaemelum nobile,5,1.60,0.00%,62.50%,00:03:57,2.00
chlorella pyrenoidosa,5,1.40,20.00%,57.14%,00:00:56,1.20
Chlorophyta,5,1.60,80.00%,12.50%,00:00:34,0.60
Coccinula quatuordecimpustulata,5,1.80,80.00%,0.00%,00:01:36,0.80
Cocos nucifera,5,1.00,0.00%,100.00%,00:00:46,0.00
Colocasia esculenta,5,1.60,0.00%,62.50%,00:03:29,0.60
Colombia,5,1.40,20.00%,14.29%,00:02:06,5.00
Conium maculatum,5,1.20,0.00%,83.33%,00:04:12,1.60
Conyza canadensis,5,1.60,0.00%,50.00%,00:29:04,49.60
coyote,5,2.20,0.00%,54.55%,00:03:18,4.00
culex,5,1.00,20.00%,60.00%,00:01:22,4.60
Culex quinquefasciatus,5,1.20,0.00%,16.67%,00:24:04,4.80
Cyperus,5,1.20,0.00%,50.00%,00:00:41,2.00
daphnia magna,5,1.40,0.00%,14.29%,00:17:40,2.00
dendroica coronata,5,1.40,0.00%,42.86%,00:14:39,9.00
ebird,5,1.20,20.00%,33.33%,00:03:56,4.00
Eichhornia crassipes,5,1.60,0.00%,50.00%,00:01:24,0.80
Eledone,5,1.80,0.00%,55.56%,00:02:56,3.00
Eledone moschata,5,2.00,20.00%,40.00%,00:04:28,6.80
Endospora,5,1.20,40.00%,33.33%,00:01:50,0.80
Enterolobium cyclocarpum,5,1.80,0.00%,44.44%,00:14:38,3.00
Epsteinâ€“Barr virus,5,1.40,100.00%,0.00%,00:00:51,1.20
equus,5,1.40,0.00%,71.43%,00:01:46,1.80
ericaceae,5,1.00,0.00%,0.00%,00:19:24,10.00
erigeron annuus,5,1.40,0.00%,42.86%,00:02:17,8.80
Eriobotrya japonica,5,1.80,0.00%,55.56%,00:17:37,0.80
Eriocheir sinensis,5,2.20,20.00%,9.09%,00:13:58,5.60
Eryngium eburneum,5,1.40,0.00%,71.43%,00:02:00,1.00
erysimum repandum,5,1.80,0.00%,11.11%,00:27:53,13.40
Erythrina fusca,5,1.60,0.00%,62.50%,00:04:02,0.80
Eucalyptus globulus,5,2.00,0.00%,30.00%,00:47:42,9.60
Eugenia florida,5,1.80,0.00%,55.56%,00:27:58,0.80
Euphydryas aurinia,5,2.00,0.00%,40.00%,00:08:33,19.00
fabaceae,5,3.20,20.00%,18.75%,00:12:35,11.40
Fabaceae,5,1.60,0.00%,12.50%,00:03:35,5.00
Fish,5,1.60,60.00%,12.50%,00:03:25,1.40
Gekko gecko,5,1.20,0.00%,0.00%,00:02:06,4.00
Glenodinium,5,1.60,100.00%,0.00%,00:12:25,0.20
Gliricidia sepium,5,1.80,0.00%,55.56%,00:08:20,1.00
gorilla,5,1.60,0.00%,62.50%,00:00:34,1.00
Grallariidae,5,2.60,20.00%,30.77%,00:01:33,1.80
Grigelis,5,1.40,100.00%,0.00%,00:00:12,0.00
gyps bengalensis,5,2.00,20.00%,30.00%,00:06:20,9.00
halopeplis amplexicaulis,5,1.40,0.00%,0.00%,00:23:53,6.60
Helianthus annuus,5,1.40,20.00%,28.57%,00:03:02,4.00
Hydrilla verticillata,5,1.80,0.00%,55.56%,00:05:22,1.20
Hygrophila polysperma,5,2.40,0.00%,25.00%,00:05:13,3.40
iNaturalist,5,1.40,0.00%,42.86%,00:03:26,3.80
insecta,5,1.20,0.00%,16.67%,00:02:28,3.40
invasive species,5,1.20,0.00%,66.67%,00:02:15,2.60
ixodes scapularis,5,3.40,20.00%,0.00%,00:02:03,4.20
jaguar,5,2.20,0.00%,18.18%,00:03:38,5.20
koala,5,2.00,20.00%,30.00%,00:01:54,2.40
Kyllinga brevifolia,5,1.00,0.00%,80.00%,00:11:25,2.60
laminifera pauli,5,1.20,0.00%,100.00%,00:00:31,0.20
lemur,5,3.40,20.00%,47.06%,00:11:31,12.80
lemur catta,5,1.40,0.00%,14.29%,00:02:31,3.20
Leopardus pardalis,5,1.20,0.00%,50.00%,00:20:45,4.60
leopardus wiedii,5,1.80,0.00%,55.56%,00:05:01,3.80
Lepidophyma,5,3.80,60.00%,21.05%,00:24:51,14.60
Leptonycteris nivalis,5,1.40,40.00%,42.86%,00:01:20,2.80
Lepus timidus,5,1.80,0.00%,0.00%,00:03:07,8.20
Lion,5,1.40,0.00%,0.00%,00:16:31,6.40
Liparis loeselii,5,1.20,0.00%,66.67%,00:09:46,17.80
Lonchocarpus,5,2.40,0.00%,66.67%,00:02:11,3.00
Loranthaceae,5,2.80,20.00%,28.57%,00:20:37,5.60
Ludwigia grandiflora,5,1.80,0.00%,44.44%,00:05:41,1.00
lynx lynx,5,1.60,0.00%,25.00%,00:04:54,13.20
Lynx rufus,5,2.00,0.00%,20.00%,00:32:43,50.20
Madrepora oculata,5,1.40,20.00%,42.86%,00:00:45,2.20
mammal,5,1.80,0.00%,22.22%,00:05:58,2.80
marine,5,3.20,0.00%,12.50%,00:31:33,6.20
maytenus senegalensis,5,3.00,40.00%,13.33%,00:06:45,2.20
mimosa pudica,5,2.80,0.00%,21.43%,00:15:17,7.00
Mimosa pudica,5,3.20,0.00%,25.00%,00:06:00,4.40
Montifringilla nivalis,5,1.60,0.00%,37.50%,00:08:09,13.00
moose,5,1.40,0.00%,28.57%,00:04:13,3.40
Morus alba,5,5.20,20.00%,19.23%,00:15:10,4.00
muskox,5,1.80,20.00%,11.11%,00:04:29,6.80
Mustela erminea,5,1.40,0.00%,28.57%,00:10:08,10.40
myioborus ornatus,5,1.40,20.00%,28.57%,00:02:26,3.60
mylabris marginata,5,1.00,20.00%,80.00%,00:00:22,0.00
Myotis bechsteinii,5,3.00,0.00%,33.33%,00:10:22,14.60
Narcissus pseudonarcissus,5,2.40,40.00%,25.00%,00:01:48,0.40
Newbouldia laevis,5,1.20,100.00%,0.00%,00:02:26,0.20
Nymphaea,5,1.40,0.00%,42.86%,00:14:58,14.40
Nyssa sylvatica,5,1.20,0.00%,33.33%,00:01:28,3.00
Odocoileus virginianus,5,1.60,0.00%,25.00%,00:07:17,2.60
ovis aries,5,1.20,20.00%,16.67%,00:00:52,2.60
panthera,5,1.80,20.00%,44.44%,00:01:12,2.20
Parablennius gattorugine,5,1.20,20.00%,0.00%,00:23:54,4.00
Paratheria glaberrima,5,1.40,100.00%,0.00%,00:00:45,0.00
Parnassius apollo,5,1.40,0.00%,42.86%,00:04:21,2.60
Petiveria alliacea,5,1.20,0.00%,83.33%,00:03:41,3.00
Physeter macrocephalus,5,1.60,20.00%,37.50%,00:04:42,0.60
picea abies,5,1.80,20.00%,44.44%,00:01:38,1.80
Pimpinella saxifraga,5,1.20,0.00%,83.33%,00:04:17,2.60
Pinus nigra,5,1.60,20.00%,37.50%,00:14:38,2.60
Pinus pinaster,5,1.40,0.00%,57.14%,00:21:07,2.40
Platyhelminthes,5,2.00,60.00%,20.00%,00:01:37,2.60
Populus alba,5,2.20,0.00%,54.55%,00:02:04,1.80
Portulaca suffrutescens,5,1.00,0.00%,0.00%,00:16:14,4.60
Priva lappulacea,5,1.60,0.00%,62.50%,00:04:13,3.20
Ptychocheilus lucius,5,1.40,0.00%,57.14%,00:11:14,5.20
Quercus virginiana,5,2.00,0.00%,40.00%,00:16:42,6.20
raja,5,2.00,0.00%,30.00%,00:09:19,7.80
Rana temporaria,5,2.60,20.00%,7.69%,00:16:36,4.00
red fox,5,1.60,0.00%,50.00%,00:06:14,15.80
Rhodanthemum,5,1.60,0.00%,12.50%,00:15:58,21.40
rhyncholacis penicillata,5,1.20,0.00%,83.33%,00:01:46,1.00
Ricinus communis,5,1.00,0.00%,60.00%,00:01:54,1.60
rose,5,1.40,0.00%,28.57%,00:01:48,1.60
Salix alba,5,6.00,0.00%,20.00%,00:07:27,5.20
Salmo trutta,5,1.80,0.00%,66.67%,00:03:49,2.80
Sapium glandulosum,5,1.80,0.00%,55.56%,00:04:20,0.80
saxifraga oppositifolia,5,2.00,0.00%,0.00%,00:05:43,9.80
Saxifraga oppositifolia,5,1.60,0.00%,37.50%,00:29:12,8.60
Schinus molle,5,1.60,0.00%,62.50%,00:03:44,0.60
Schinus terebinthifolius,5,1.80,0.00%,55.56%,00:04:13,2.00
Selaginellaceae,5,4.00,0.00%,15.00%,00:08:53,5.40
Solanum lycopersicum,5,1.00,0.00%,20.00%,00:22:48,5.00
Solidago virgaurea,5,1.40,0.00%,57.14%,00:02:04,0.80
south africa,5,7.60,0.00%,15.79%,00:21:40,18.80
Spathodea campanulata,5,1.40,0.00%,28.57%,00:00:42,1.00
Spirobranchus giganteus,5,1.20,100.00%,0.00%,00:00:01,0.00
Spondias purpurea,5,2.00,0.00%,50.00%,00:07:06,1.00
Staphylococcus kloosii,5,1.60,80.00%,12.50%,00:02:26,0.80
Syzygium guineense,5,1.60,40.00%,25.00%,00:01:21,0.20
tabebuia,5,1.40,0.00%,71.43%,00:00:52,0.20
Tadarida brasiliensis,5,1.40,0.00%,71.43%,00:01:56,2.80
tarsier,5,4.40,0.00%,31.82%,00:14:32,5.80
Teleogryllus mitratus,5,2.40,0.00%,25.00%,00:30:11,5.00
Trachemys scripta,5,1.20,0.00%,16.67%,00:05:24,3.60
Trachycarpus fortunei,5,1.00,0.00%,40.00%,00:00:39,0.80
Tursiops truncatus,5,1.40,60.00%,28.57%,00:00:21,0.60
v,5,1.00,0.00%,100.00%,00:00:13,0.00
vitis vinifera,5,3.00,0.00%,6.67%,00:03:56,9.60
vulpes vulpes,5,1.20,0.00%,33.33%,00:04:25,6.20
Vulpes vulpes,5,1.20,20.00%,33.33%,00:03:09,3.40
whale,5,2.20,20.00%,18.18%,00:01:53,1.80
Acacia melanoxylon,4,3.00,0.00%,50.00%,00:13:16,16.25
Acacia polyacantha,4,2.25,25.00%,77.78%,00:22:58,1.50
Acanthaceae,4,1.25,25.00%,0.00%,00:00:24,1.50
Acanthastrea hemprichi,4,1.25,75.00%,0.00%,00:18:03,0.50
Acanthomintha ilicifolia,4,1.75,0.00%,42.86%,00:12:06,4.25
achillea millefolium,4,1.50,0.00%,33.33%,00:02:57,1.25
Achillea millefolium,4,1.25,25.00%,60.00%,00:01:05,0.75
Actitis,4,1.25,100.00%,0.00%,00:06:19,0.00
Aegilops geniculata,4,1.25,0.00%,20.00%,00:00:05,1.00
african wild dog,4,1.00,25.00%,25.00%,00:09:09,3.00
African wild dog,4,1.25,0.00%,20.00%,00:05:45,5.75
Afzelia africana,4,1.75,0.00%,42.86%,00:02:59,2.00
Agama agama,4,1.00,0.00%,50.00%,00:00:51,0.75
Ailuropoda,4,3.25,0.00%,23.08%,00:08:32,15.00
Albizia niopoides,4,2.50,0.00%,60.00%,00:24:36,1.75
alliaria petiolata,4,1.75,0.00%,14.29%,00:09:58,3.00
alnus,4,2.25,0.00%,44.44%,00:03:13,4.50
Alnus glutinosa,4,1.00,0.00%,50.00%,00:00:13,0.50
Alnus incana,4,1.50,25.00%,66.67%,00:02:06,2.25
Aloe,4,1.25,0.00%,40.00%,00:00:53,1.50
Aloe vera,4,1.25,25.00%,20.00%,00:06:22,4.25
Alsophila cuspidata,4,1.50,0.00%,66.67%,00:16:43,1.25
Amanita muscaria,4,2.25,0.00%,44.44%,00:01:22,2.25
Amaranthus albus,4,1.00,0.00%,75.00%,00:00:35,1.25
Amaranthus hybridus,4,1.00,0.00%,100.00%,00:02:41,2.00
amaranthus palmeri,4,1.25,0.00%,0.00%,00:29:51,15.75
ambystoma,4,1.50,0.00%,66.67%,00:01:50,3.00
Ambystoma tigrinum,4,1.25,0.00%,40.00%,00:03:03,2.50
american mink,4,1.00,0.00%,0.00%,00:01:41,2.25
american pika,4,1.50,0.00%,0.00%,00:48:39,18.50
Anacardiaceae,4,1.25,25.00%,40.00%,00:01:09,1.00
anacolia webbii,4,1.75,25.00%,0.00%,00:18:38,9.50
Anagasta_kuehniella,4,1.25,50.00%,20.00%,00:06:46,2.50
Anethum graveolens,4,1.75,0.00%,42.86%,00:01:42,1.25
aniba perutilis,4,1.25,25.00%,40.00%,00:00:17,0.50
animalia,4,1.50,25.00%,33.33%,00:03:03,4.75
Annelida,4,2.25,50.00%,11.11%,00:14:02,62.75
Annona cherimola,4,1.25,0.00%,60.00%,00:00:38,0.50
Anthirrhinum majus,4,1.00,0.00%,100.00%,00:00:10,0.00
Anthoxanthum odoratum ssp odoratum,4,1.00,0.00%,100.00%,00:00:19,0.00
Anthurium davidsoniae,4,1.25,0.00%,60.00%,00:01:38,3.00
Aphelenchoides besseyi,4,2.00,0.00%,50.00%,00:14:53,2.00
apinagia,4,1.00,0.00%,75.00%,00:00:14,1.00
apinagia longifolia,4,1.00,0.00%,100.00%,00:00:23,1.00
Aquilegia clematiflora var. alba,4,1.00,0.00%,100.00%,00:00:26,0.50
aranzadi,4,1.50,0.00%,33.33%,00:10:13,3.25
Arisarum vulgare,4,1.00,0.00%,50.00%,00:00:20,1.00
Aristolochia baetica,4,1.00,25.00%,75.00%,00:10:15,0.50
Aristotelia chilensis,4,1.50,25.00%,50.00%,00:10:39,4.25
Arnica montana,4,1.25,0.00%,80.00%,00:04:40,0.75
Artemisia abrotanum,4,1.50,0.00%,66.67%,00:04:12,2.00
Artemisia annua,4,2.50,0.00%,20.00%,00:29:03,7.00
Arum purpureospathum,4,1.25,0.00%,100.00%,00:01:31,1.50
Arundo donax,4,1.50,0.00%,50.00%,00:31:32,8.50
Asio stygius,4,1.25,0.00%,20.00%,00:12:54,5.25
aster,4,1.50,0.00%,33.33%,00:00:30,1.00
Athyrium filix-femina,4,1.00,50.00%,25.00%,00:50:26,3.75
Atractomorpha sinensis,4,3.25,0.00%,30.77%,00:03:54,6.25
Aves,4,1.00,0.00%,50.00%,00:02:08,3.50
bactris guineensis,4,2.00,0.00%,0.00%,00:20:02,23.25
bamba,4,1.25,0.00%,0.00%,00:01:12,7.25
banana,4,1.00,25.00%,75.00%,00:01:13,2.00
bear,4,1.75,0.00%,28.57%,00:03:49,7.25
Bejaria resinosa,4,1.00,25.00%,50.00%,00:17:26,0.75
betta splendens,4,1.25,0.00%,60.00%,00:00:59,2.00
betula,4,2.25,25.00%,33.33%,00:08:25,6.25
betula pendula,4,1.00,0.00%,75.00%,00:00:56,0.75
bidens alba,4,6.50,0.00%,15.38%,02:16:09,44.75
Bidens pilosa,4,1.50,0.00%,66.67%,00:01:42,2.00
bocconia frutescens,4,1.00,0.00%,0.00%,00:01:05,1.50
bombus affinis,4,1.00,0.00%,50.00%,00:01:58,6.00
Bombus subterraneus,4,1.50,0.00%,16.67%,00:15:46,8.25
Bothrops asper,4,3.00,0.00%,25.00%,00:10:12,9.00
Bradypus variegatus,4,1.75,0.00%,28.57%,01:02:16,6.50
bromelia,4,2.50,0.00%,50.00%,00:01:00,2.00
bufo,4,1.50,0.00%,50.00%,00:00:54,1.75
Bulnesia arborea,4,1.50,25.00%,33.33%,00:00:48,1.25
Bupleurum falcatum,4,1.75,0.00%,71.43%,00:01:53,0.75
bursera,4,1.50,0.00%,33.33%,00:14:39,8.00
Burseraceae,4,1.75,50.00%,14.29%,00:00:47,1.25
buteo jamaicensis,4,2.00,0.00%,37.50%,00:04:09,5.00
Buteo platypterus,4,1.50,0.00%,50.00%,00:02:43,2.25
cache:A38L6Iioy5gJ:www.gbif.org/resource/81287,4,1.00,100.00%,0.00%,00:00:00,0.00
Calystegia soldanella,4,1.50,0.00%,50.00%,00:02:20,0.75
cannabis sativa,4,2.00,0.00%,25.00%,00:01:21,2.00
Canthon,4,2.50,0.00%,30.00%,00:02:28,0.25
carex,4,2.00,25.00%,37.50%,00:00:42,0.75
Carpocoris,4,1.25,25.00%,0.00%,00:02:18,2.50
Casearia aculeata,4,1.50,0.00%,50.00%,00:00:30,1.00
cat,4,1.25,0.00%,40.00%,00:00:32,1.50
Cavendishia bracteata,4,1.25,0.00%,60.00%,00:03:21,3.00
cedrela,4,1.50,0.00%,50.00%,00:01:10,4.75
Cedrus libani,4,4.00,0.00%,25.00%,00:06:04,10.25
Ceterach officinarum,4,1.50,0.00%,50.00%,00:49:40,4.75
Chaetoceros,4,2.00,0.00%,25.00%,00:03:59,4.00
chelonia mydas,4,1.25,50.00%,20.00%,00:01:23,0.50
Chenopodium album,4,1.75,0.00%,57.14%,00:01:55,1.50
Chiroptera,4,2.25,25.00%,11.11%,00:17:32,12.00
Chondrus crispus,4,1.25,0.00%,40.00%,00:00:27,1.25
Cichorium intybus,4,1.75,0.00%,28.57%,00:00:55,1.25
Cirsium arvense,4,1.25,0.00%,80.00%,00:00:57,2.25
Cissus sicyoides,4,1.00,0.00%,50.00%,00:03:07,3.50
Cistanthe paniculata,4,1.50,50.00%,33.33%,00:04:14,0.50
Cladium mariscus,4,1.25,0.00%,40.00%,00:00:19,0.75
Clerodendrum cyrtophyllum,4,1.75,50.00%,28.57%,00:06:44,0.00
cochlearia danica,4,1.50,0.00%,50.00%,00:03:00,1.50
Cochlospermum vitifolium,4,1.25,0.00%,40.00%,00:00:23,0.75
Coleoptera,4,1.00,0.00%,50.00%,00:00:57,2.00
Commelina erecta,4,1.75,0.00%,57.14%,00:04:13,1.00
conus,4,2.00,25.00%,37.50%,00:12:37,3.00
coral,4,1.25,25.00%,60.00%,00:00:20,1.25
cordia,4,1.25,50.00%,40.00%,00:18:47,0.25
Cordyceps nipponica,4,1.75,75.00%,0.00%,00:07:42,1.25
Corvus frugilegus,4,1.25,0.00%,0.00%,00:06:56,7.25
crassula,4,1.75,0.00%,42.86%,00:01:06,1.25
crocodylus acutus,4,1.50,0.00%,66.67%,00:16:50,3.00
Crocodylus moreletii,4,2.50,0.00%,40.00%,00:02:53,2.50
crotalus atrox,4,1.75,0.00%,28.57%,00:07:40,3.75
Croton,4,1.50,0.00%,66.67%,00:02:43,2.00
Crypturellus noctivagus,4,4.50,0.00%,5.56%,00:12:29,12.50
Culcitaceae,4,2.00,25.00%,0.00%,00:16:57,3.50
Cylas formicarius,4,3.25,0.00%,15.38%,00:06:07,4.50
Cyperus difformis,4,1.50,0.00%,83.33%,00:03:43,5.00
Dactylis glomerata,4,2.25,0.00%,55.56%,00:24:46,7.25
Dendroica chrysoparia,4,1.25,0.00%,20.00%,00:03:42,2.25
Dermochelys coriacea,4,1.75,25.00%,28.57%,00:06:48,5.75
Desemzia incerta,4,1.25,75.00%,0.00%,00:00:11,0.75
Desmodium incanum,4,1.25,25.00%,60.00%,00:09:47,0.75
desmodus rotundus,4,1.00,0.00%,25.00%,00:03:32,1.25
Diabroctis,4,1.00,0.00%,100.00%,00:07:08,0.00
Dialium occidentale,4,2.00,0.00%,50.00%,00:32:08,8.75
didelphis marsupialis,4,1.00,0.00%,0.00%,00:38:13,11.50
Didelphis marsupialis,4,1.50,0.00%,33.33%,00:13:42,7.50
Digitalis purpurea,4,1.75,0.00%,57.14%,00:01:26,2.00
diospyros,4,1.75,0.00%,42.86%,00:04:38,3.25
dog,4,2.00,0.00%,50.00%,00:00:42,1.75
Dryopteridaceae,4,1.75,0.00%,28.57%,00:00:22,1.25
Echinodorus uruguayensis,4,1.75,0.00%,42.86%,00:00:31,1.00
Eclipta prostrata,4,1.50,0.00%,66.67%,00:01:14,0.75
Egeria densa,4,1.50,0.00%,50.00%,00:17:21,1.75
Elaeis guineensis,4,1.00,0.00%,50.00%,00:01:46,1.00
elephas maximus,4,1.50,0.00%,33.33%,00:09:34,11.00
Eschscholzia californica,4,1.25,0.00%,20.00%,00:04:10,9.25
eugenia,4,2.50,25.00%,40.00%,00:01:57,4.75
Eumops perotis,4,1.00,0.00%,75.00%,00:03:49,2.50
Euphorbia geniculata,4,1.25,100.00%,0.00%,00:00:15,0.25
euphrasia officinalis,4,1.50,25.00%,33.33%,00:04:00,0.75
Euterpe precatoria,4,1.25,50.00%,40.00%,00:02:20,0.75
Falco peregrinus,4,1.50,0.00%,33.33%,00:01:50,2.00
Fallopia japonica,4,2.00,0.00%,25.00%,00:11:19,11.50
ficus,4,5.00,50.00%,15.00%,00:08:47,8.25
Ficus carica,4,1.50,0.00%,83.33%,00:16:37,1.00
fish tail palm,4,1.50,0.00%,50.00%,00:11:31,4.00
Fissidens crispus,4,1.00,0.00%,75.00%,00:01:05,1.25
flora,4,4.00,0.00%,25.00%,00:07:39,1.75
formicidae,4,1.00,0.00%,25.00%,00:13:47,2.25
Fraxinus angustifolia,4,2.25,25.00%,22.22%,00:01:38,4.00
Fraxinus uhdei,4,2.00,0.00%,50.00%,00:07:45,1.00
Fridericia dichotoma,4,1.50,25.00%,66.67%,00:01:27,2.75
Frullania riojaneirensis,4,2.25,0.00%,55.56%,00:01:51,2.00
fungi,4,1.75,25.00%,42.86%,00:01:20,1.75
Gazella,4,3.25,0.00%,23.08%,00:13:10,3.75
genista hirsuta,4,1.25,0.00%,20.00%,00:05:50,4.75
Gossypium hirsutum,4,2.75,0.00%,36.36%,00:04:28,2.25
Guadua angustifolia,4,1.75,25.00%,42.86%,00:12:55,0.75
Gymnocoronis spilanthoides,4,1.75,0.00%,42.86%,00:10:03,1.00
Gymnophiona,4,1.50,50.00%,16.67%,00:07:15,9.75
Halimiocistus wintonensis,4,1.25,0.00%,100.00%,00:01:05,1.25
Handroanthus chrysanthus,4,1.75,0.00%,57.14%,00:05:28,0.75
Hemiptera,4,1.75,50.00%,28.57%,00:02:13,0.25
Henicorhina leucosticta,4,1.25,0.00%,20.00%,00:14:44,12.00
hoffmannseggia,4,1.50,0.00%,50.00%,00:11:57,1.50
Holocephali,4,1.00,75.00%,0.00%,00:08:59,1.00
Holocephalus,4,1.50,0.00%,66.67%,00:09:24,0.75
Hordeum vulgare,4,1.50,0.00%,50.00%,00:01:12,2.25
Hyalella azteca,4,1.25,0.00%,60.00%,00:04:28,0.75
hydrocotyle,4,1.75,25.00%,14.29%,00:04:17,5.50
Hydrocotyle bonariensis,4,1.50,0.00%,50.00%,00:00:28,0.75
Hyla,4,2.75,25.00%,18.18%,00:00:34,0.75
hyla plicata,4,1.25,0.00%,0.00%,00:07:44,9.00
Hypocrea lixii,4,2.25,75.00%,22.22%,00:22:26,1.25
Ilex aquifolium,4,1.25,0.00%,60.00%,00:00:55,0.50
Inga edulis,4,2.00,0.00%,25.00%,00:14:21,11.00
Ipomoea batatas,4,4.75,0.00%,21.05%,00:12:15,18.25
Janibacter sanguinis,4,1.25,75.00%,0.00%,00:00:10,0.50
Kadua,4,1.75,0.00%,42.86%,00:08:38,14.50
Kalanchoe delagoensis,4,1.00,0.00%,50.00%,00:18:57,1.00
Klebsiella aerogenes,4,1.25,50.00%,0.00%,00:00:20,1.50
Kocuria palustris,4,1.50,50.00%,0.00%,00:00:55,2.00
Lantana camara,4,2.50,25.00%,20.00%,00:02:38,2.50
Lasiurus cinereus,4,1.75,0.00%,57.14%,00:04:10,4.25
Lasiurus ega,4,1.25,0.00%,80.00%,00:02:48,3.50
Lasiurus intermedius,4,1.50,0.00%,66.67%,00:06:42,4.00
Leersia hexandra,4,1.25,0.00%,60.00%,00:00:39,2.00
Leontopodium alpinum,4,1.75,0.00%,42.86%,00:04:40,7.00
leopardus tigrinus,4,1.50,25.00%,50.00%,00:11:23,3.00
Leopardus tigrinus,4,1.25,0.00%,60.00%,00:27:28,6.25
Leopardus wiedii,4,1.00,0.00%,50.00%,00:21:32,6.00
Lepidochelys kempii,4,1.50,0.00%,50.00%,00:02:12,2.75
Leptodermis,4,2.25,0.00%,11.11%,00:13:40,10.25
Leucojum autumnale,4,1.00,0.00%,100.00%,00:03:10,0.75
Limnocharis flava,4,2.00,0.00%,50.00%,00:13:32,1.00
Linaria bordiana,4,1.25,0.00%,60.00%,00:11:06,0.75
Lithobates,4,2.00,25.00%,12.50%,00:45:50,7.50
Lithodidae,4,1.50,75.00%,16.67%,00:00:54,1.75
Livistona chinensis,4,1.75,0.00%,57.14%,00:07:58,1.00
Lophelia pertusa,4,1.25,0.00%,80.00%,00:05:43,2.50
Lucanus cervus,4,2.25,0.00%,44.44%,00:23:23,29.75
Ludwigia hyssopifolia,4,1.50,0.00%,83.33%,00:02:44,3.25
luronium natans,4,1.00,25.00%,0.00%,00:00:10,0.75
Lymantria dispar,4,1.00,0.00%,75.00%,00:01:26,1.50
lynx canadensis,4,2.50,0.00%,30.00%,00:07:43,13.50
Maclura tinctoria,4,2.25,0.00%,44.44%,00:03:21,1.75
Malus sylvestris,4,1.75,50.00%,28.57%,00:23:05,3.00
Mammillaria,4,4.25,0.00%,23.53%,00:13:55,7.25
mangrove,4,1.25,0.00%,60.00%,00:08:20,3.25
Manilkara bidentata,4,1.50,75.00%,16.67%,00:19:36,0.25
marathrum,4,2.00,0.00%,75.00%,00:04:15,3.00
marathrum tenue,4,1.75,0.00%,85.71%,00:00:43,1.50
Melampodium,4,1.25,75.00%,20.00%,00:00:15,0.25
Melicoccus oliviformis,4,1.75,25.00%,57.14%,00:06:33,1.25
Methanobacterium formicicum,4,1.75,100.00%,0.00%,00:00:13,0.50
mexico,4,1.75,25.00%,28.57%,00:04:02,5.75
Miconia calvescens,4,1.25,0.00%,60.00%,00:04:49,2.00
micranthes,4,1.00,0.00%,0.00%,00:00:32,4.00
Mimosa,4,2.00,0.00%,50.00%,00:00:16,0.50
Mimosa occidentalis,4,1.50,0.00%,66.67%,00:04:42,2.50
Muntingia calabura,4,1.25,0.00%,60.00%,00:04:47,2.00
mus musculus,4,3.00,0.00%,25.00%,00:15:54,1.50
Mus musculus,4,1.25,0.00%,40.00%,00:07:52,15.25
musca domestica,4,1.00,0.00%,0.00%,00:05:45,6.75
mustela erminea,4,2.75,25.00%,36.36%,00:09:15,6.25
mustela frenata,4,1.75,0.00%,28.57%,00:04:39,5.00
myrmarachne plataleoides,4,1.50,25.00%,0.00%,00:03:19,6.25
Nardus stricta,4,1.75,0.00%,42.86%,00:05:41,1.50
navarra,4,4.25,0.00%,5.88%,00:06:49,7.00
Nephrolepis,4,1.50,50.00%,50.00%,00:05:46,0.50
Nigrospora sphaerica,4,1.50,50.00%,33.33%,00:00:16,0.50
Ninox superciliaris,4,1.00,0.00%,100.00%,00:04:06,1.50
north carolina,4,1.50,0.00%,16.67%,00:05:04,8.00
Nothoscordum gracile,4,1.50,0.00%,50.00%,00:00:45,0.75
Nucella lapillus,4,1.25,25.00%,0.00%,00:00:07,1.00
Nyctinomops macrotis,4,1.25,0.00%,60.00%,00:02:41,2.75
Nymphaea lotus,4,1.50,0.00%,50.00%,00:12:48,6.00
Ochotona princeps,4,2.25,0.00%,22.22%,00:09:59,9.00
Ocimum americanum,4,1.00,75.00%,25.00%,00:00:03,0.00
Octomeria diaphana Lindl.,4,2.25,0.00%,55.56%,00:01:59,0.75
octopus,4,4.25,0.00%,5.88%,00:02:18,7.00
Ophiogomphus cecilia,4,1.25,0.00%,40.00%,00:04:59,11.75
Oplismenus burmannii,4,1.75,75.00%,28.57%,00:03:12,0.25
orangutan,4,3.25,0.00%,53.85%,00:03:54,1.50
orthoptera,4,2.00,0.00%,12.50%,00:36:46,18.50
Orthotydeus lambi,4,1.25,25.00%,60.00%,00:02:04,0.25
Oryza sativa,4,1.25,0.00%,80.00%,00:06:30,2.00
Otus bakkamoena,4,1.75,0.00%,85.71%,00:09:45,2.25
ovis canadensis,4,2.50,25.00%,0.00%,00:02:57,4.75
Oxya velox,4,1.75,0.00%,57.14%,00:04:31,3.50
Oxyria digyna,4,2.00,25.00%,50.00%,00:01:10,1.25
Panicum maximum,4,1.25,0.00%,60.00%,00:10:16,2.75
Panulirus argus,4,1.00,100.00%,0.00%,00:00:00,0.00
papilio machaon,4,2.50,0.00%,50.00%,00:04:12,5.75
Parkinsonia aculeata,4,1.00,0.00%,50.00%,00:11:17,1.00
Parthenium hysterophorus,4,1.00,0.00%,75.00%,00:10:36,2.50
Passer domesticus,4,1.25,0.00%,20.00%,00:38:51,7.00
Passiflora foetida,4,1.75,25.00%,28.57%,00:11:17,2.50
Paulownia,4,5.25,50.00%,0.00%,00:10:38,17.25
penguin,4,1.50,0.00%,33.33%,00:02:53,5.00
Peperomia dendrophila,4,1.75,25.00%,42.86%,00:03:26,4.75
Perca fluviatilis,4,1.50,0.00%,50.00%,00:01:27,4.00
peromyscus,4,1.25,0.00%,40.00%,00:57:51,30.75
Phascolarctos cinereus,4,1.75,0.00%,42.86%,00:34:18,3.00
Phyllostomus discolor,4,1.50,0.00%,66.67%,00:07:31,4.25
Physalis,4,1.00,0.00%,100.00%,00:04:19,5.50
Picea orientalis,4,1.75,25.00%,57.14%,00:08:34,0.75
Pines,4,1.00,50.00%,0.00%,00:00:54,1.50
pinus jaliscana,4,2.25,0.00%,55.56%,00:32:15,17.75
pinus patula,4,1.25,0.00%,40.00%,00:00:17,0.75
Pinus patula,4,2.00,0.00%,37.50%,00:25:20,1.75
pinus pinceana,4,1.25,0.00%,60.00%,00:22:59,6.75
Pithecellobium lanceolatum,4,2.25,0.00%,44.44%,00:04:09,2.00
Pittosporum undulatum,4,1.50,0.00%,50.00%,00:00:56,1.75
podostemum ceratophyllum,4,1.75,0.00%,71.43%,00:04:20,3.00
Poecilia reticulata,4,1.00,0.00%,25.00%,00:04:04,6.25
Polar bear,4,1.25,0.00%,60.00%,00:11:51,6.50
polylepis,4,1.75,0.00%,28.57%,00:07:04,13.00
Pontederia cordata,4,1.50,0.00%,33.33%,00:01:17,2.00
Populus nigra,4,1.25,50.00%,40.00%,00:01:24,1.75
Populus tremula,4,1.50,25.00%,66.67%,00:11:46,1.75
Portulaca grandiflora,4,1.25,25.00%,60.00%,00:01:39,1.25
Portulaca oleracea,4,1.25,0.00%,80.00%,00:06:05,2.25
Potamopyrgus antipodarum,4,1.00,0.00%,50.00%,00:14:29,12.25
prosopis,4,1.75,0.00%,28.57%,00:06:40,7.50
Pseudemys nelsoni,4,1.25,25.00%,40.00%,00:06:01,2.00
Psilophyta,4,1.75,100.00%,14.29%,00:01:40,0.00
Pteridium arachnoideum,4,3.25,0.00%,15.38%,00:26:33,13.00
Pterois volitans,4,2.50,0.00%,20.00%,00:05:23,5.75
Pygochelidon cyanoleuca,4,1.00,75.00%,0.00%,00:00:03,0.25
Pythium splendens,4,1.00,25.00%,25.00%,00:05:06,3.00
python,4,1.50,0.00%,33.33%,00:05:35,13.50
Quercus canariensis,4,1.00,0.00%,75.00%,00:04:50,1.75
Quercus laurifolius,4,1.25,0.00%,100.00%,00:21:21,0.00
quercus robur,4,1.50,0.00%,50.00%,00:14:42,3.25
Quercus rubra,4,1.50,0.00%,33.33%,00:00:57,3.00
quercus rugosa,4,1.25,0.00%,40.00%,00:11:08,4.50
ranunculus ololeucos,4,2.00,0.00%,62.50%,00:34:19,21.75
ranunculus saniculifolius,4,2.00,0.00%,62.50%,00:01:44,10.50
Rhinophylla pumilio,4,1.25,0.00%,60.00%,00:01:03,3.25
Ribes rubrum,4,1.50,25.00%,33.33%,00:03:57,0.50
Rothia amarae,4,1.25,25.00%,0.00%,00:10:28,1.25
rumex crispus,4,3.75,25.00%,13.33%,00:17:11,12.50
rutilus rutilus,4,1.75,0.00%,28.57%,00:01:23,2.00
Sabicea bequaertii,4,1.50,0.00%,50.00%,00:48:29,13.50
Saccharina latissima,4,1.25,50.00%,20.00%,00:00:37,1.75
Salmo salar,4,1.50,0.00%,66.67%,00:05:01,7.00
Salvia aethiopis,4,1.50,0.00%,50.00%,00:13:07,5.50
santa cruz island fox,4,1.25,25.00%,40.00%,00:13:22,1.25
Santa Cruz Island Fox,4,1.00,0.00%,75.00%,00:01:29,1.00
Sapindus saponaria,4,1.50,0.00%,50.00%,00:01:17,1.50
Sarcocephalus latifolius,4,1.25,50.00%,0.00%,00:00:10,0.75
saxifraga longifolia,4,1.00,0.00%,0.00%,00:01:45,6.00
Schefflera arboricola,4,1.00,0.00%,75.00%,00:01:37,0.75
Schizostachyum_lima,4,1.00,50.00%,25.00%,00:05:32,0.50
schoenoplectus,4,1.25,0.00%,40.00%,00:05:38,3.00
schoenoplectus americanus,4,1.25,25.00%,0.00%,00:08:53,3.75
Scopelogadus mizolepis,4,1.00,50.00%,0.00%,00:00:02,0.50
scopelophila ligulata,4,1.25,0.00%,0.00%,00:25:01,16.75
Sedum ellacombianum,4,1.25,0.00%,100.00%,00:15:00,2.00
Selaginella anceps,4,4.25,0.00%,29.41%,01:00:38,11.75
Senecio bonariensis,4,1.50,25.00%,33.33%,00:00:15,0.75
Sequoia sempervirens,4,2.25,0.00%,66.67%,00:09:49,11.00
Sicyonia brevirostris,4,1.00,0.00%,25.00%,00:05:39,5.75
silene acaulis,4,1.00,25.00%,0.00%,00:10:57,16.50
Silene acaulis,4,2.00,0.00%,50.00%,00:02:04,1.75
snake,4,4.75,0.00%,10.53%,00:39:40,32.25
solanum,4,1.25,25.00%,20.00%,00:01:54,2.00
sparrow,4,1.25,50.00%,20.00%,00:09:36,3.00
Sphagneticola trilobata,4,1.25,0.00%,60.00%,00:08:36,1.50
Spodoptera litura,4,1.00,0.00%,50.00%,00:01:07,1.50
Stachybotrys chartarum,4,1.25,50.00%,20.00%,00:02:39,5.25
Stachytarpheta cayennensis,4,2.00,0.00%,37.50%,00:05:20,4.25
Stephanolepis cirrhifer,4,1.25,0.00%,40.00%,00:29:09,18.00
Struthanthus orbicularis,4,1.25,0.00%,80.00%,00:02:09,1.25
Sturnus vulgaris,4,1.25,25.00%,40.00%,00:11:04,5.25
Syzygium jambos,4,1.50,0.00%,50.00%,00:02:42,1.75
Taraxacum officinale,4,2.00,0.00%,50.00%,00:19:48,6.25
Tayassu pecari,4,1.50,0.00%,66.67%,00:08:09,3.25
tetracantha,4,1.75,50.00%,0.00%,00:09:26,2.25
teucrium quadrifarium,4,2.50,0.00%,20.00%,00:23:32,11.75
Thanatephorus cucumeris,4,1.50,25.00%,50.00%,00:01:57,3.00
Theba pisana,4,1.25,25.00%,40.00%,00:03:31,4.25
Tlacuatzin canescens,4,1.25,0.00%,0.00%,00:04:50,6.75
Trachops cirrhosus,4,3.25,0.00%,30.77%,00:32:13,52.75
Trichomanes speciosum,4,2.00,0.00%,37.50%,00:02:51,0.75
trillium,4,7.75,0.00%,16.13%,00:14:09,7.00
Triplaris americana,4,2.50,0.00%,50.00%,00:25:24,2.50
Triticum aestivum,4,1.50,25.00%,50.00%,00:09:41,0.50
trogon elegans,4,3.25,0.00%,46.15%,00:10:31,15.50
Ugni molinae,4,1.25,0.00%,60.00%,00:01:06,0.75
UNAM,4,4.75,25.00%,10.53%,00:04:57,4.25
unio crassus,4,1.75,0.00%,57.14%,00:15:27,23.00
ursus,4,1.25,0.00%,20.00%,00:34:13,3.75
Ursus americanus,4,3.00,0.00%,41.67%,00:03:26,5.00
urtica dioica,4,1.50,0.00%,33.33%,00:02:03,1.75
Urtica dioica,4,2.50,0.00%,10.00%,00:08:30,8.25
user/register,4,2.00,0.00%,37.50%,00:02:28,1.00
usnea,4,1.00,0.00%,25.00%,00:04:03,9.25
vanessa atalanta,4,2.00,0.00%,50.00%,00:18:26,4.25
verbascum daenzeri,4,1.00,0.00%,50.00%,00:32:00,45.25
Verbascum thapsus,4,1.75,0.00%,57.14%,00:04:25,1.25
Vermivora pinus,4,2.25,0.00%,33.33%,00:02:44,1.75
Vincetoxicum hirundinaria,4,3.00,0.00%,25.00%,00:04:26,4.00
Vitex cymosa,4,1.50,0.00%,66.67%,00:01:20,1.25
viviparidae,4,3.50,100.00%,0.00%,00:31:24,0.00
Washingtonia robusta,4,1.50,0.00%,66.67%,00:03:27,0.50
Wendlandia glabrata,4,1.00,0.00%,50.00%,00:16:16,1.50
white-tailed deer,4,2.50,25.00%,20.00%,00:00:37,1.75
Wolffia brasiliensis,4,1.75,0.00%,57.14%,00:02:05,3.25
zebra,4,1.50,0.00%,66.67%,00:01:35,1.00
zika,4,2.00,0.00%,37.50%,00:01:02,2.25
/node/add,3,1.00,0.00%,100.00%,00:00:06,0.00
/node/add/,3,1.00,100.00%,0.00%,00:00:00,0.00
/node/add/article,3,1.00,0.00%,100.00%,00:00:05,0.00
/node/add/story,3,1.00,0.00%,100.00%,00:00:06,0.00
abelia,3,2.00,0.00%,16.67%,00:02:42,1.67
Abies balsamea,3,1.67,0.00%,60.00%,00:00:36,1.00
abies cilicica,3,1.00,0.00%,33.33%,00:03:34,5.33
Abies concolor,3,1.33,0.00%,50.00%,00:11:23,2.00
Abies numidica,3,1.00,33.33%,33.33%,00:00:25,1.00
Abies religiosa,3,2.00,0.00%,33.33%,00:06:18,5.67
Abietinella abietina,3,1.33,0.00%,25.00%,00:03:32,5.67
Abundance data,3,1.00,33.33%,0.00%,00:00:44,1.33
Acacia crassicarpa,3,2.33,0.00%,57.14%,00:01:46,2.33
acacia dealbata,3,1.33,0.00%,50.00%,00:22:43,5.33
Acacia dealbata,3,1.67,0.00%,60.00%,00:06:37,6.33
Acacia decurrens,3,2.33,0.00%,71.43%,00:06:33,6.67
Acalypha,3,1.33,0.00%,75.00%,00:06:07,1.33
Acalypha villosa,3,2.00,0.00%,50.00%,00:03:59,1.00
Acanthodactylus busacki,3,4.33,0.00%,7.69%,00:05:27,9.67
Acanthospermum hispidum,3,1.67,0.00%,60.00%,00:01:23,2.00
acer,3,5.33,0.00%,12.50%,00:12:33,6.33
Acer cappadocicum,3,1.33,0.00%,75.00%,00:02:04,0.67
Acer opalus,3,1.00,0.00%,66.67%,00:05:24,1.67
acer rubrum,3,1.67,0.00%,0.00%,00:15:09,17.00
Aceraius,3,1.00,100.00%,0.00%,00:00:00,0.00
Aceras anthropophorum,3,1.67,0.00%,80.00%,00:14:15,3.67
Achyrocline satureioides,3,2.67,0.00%,62.50%,00:01:40,1.00
Acremonium recifei,3,1.00,0.00%,100.00%,00:03:04,4.33
Acrida chinensis,3,4.00,0.00%,33.33%,00:08:06,15.33
Acridotheres tristis,3,1.33,0.00%,25.00%,00:26:33,4.67
Adansonia digitata,3,1.33,0.00%,0.00%,00:03:42,3.33
Adenaria floribunda,3,1.67,0.00%,60.00%,00:04:30,1.33
adenia hastata,3,1.00,0.00%,100.00%,00:00:09,0.00
Adenocalymma patulum,3,2.67,0.00%,50.00%,00:04:59,3.67
Adiantum capillus-veneris,3,1.33,0.00%,75.00%,00:27:54,1.00
Adiantum latifolium,3,1.67,0.00%,60.00%,00:20:26,1.33
Aedes albopictus,3,2.00,0.00%,16.67%,00:17:39,4.00
Aedes dalzielii,3,1.00,0.00%,100.00%,00:00:45,0.00
Aedes taeniorhynchus,3,1.00,0.00%,0.00%,00:00:08,1.00
aegiphila truncata,3,1.33,66.67%,25.00%,00:06:14,1.33
Aegypius monachus,3,2.67,0.00%,12.50%,00:04:39,4.00
aegypti,3,1.00,0.00%,0.00%,00:01:30,6.33
Aeschynomene sensitiva,3,1.33,0.00%,75.00%,00:09:45,0.33
african elephant,3,1.00,0.00%,33.33%,00:00:23,0.67
Agaricus aspratus,3,1.00,0.00%,33.33%,00:00:16,1.00
Agathis robusta,3,1.67,0.00%,80.00%,00:00:44,0.33
agave americana,3,1.33,0.00%,25.00%,00:08:54,7.00
Agonus cataphractus,3,1.33,0.00%,50.00%,00:05:00,12.00
Agriades pyrenaicus,3,1.00,66.67%,33.33%,00:00:13,0.00
Agrobacterium tumefaciens,3,1.00,0.00%,100.00%,00:03:11,1.00
agrostis,3,1.33,0.00%,100.00%,00:00:23,1.33
agrostis capillaris,3,2.33,0.00%,14.29%,00:07:28,8.33
Agrostis tenuis,3,2.33,0.00%,42.86%,00:18:03,2.00
Agrotis ipsilon,3,2.00,0.00%,50.00%,00:04:27,4.67
Albertiniella reticulata,3,2.33,0.00%,0.00%,00:16:44,9.33
Albizia adianthifolia,3,1.00,33.33%,66.67%,00:01:46,0.00
Alchornea cordifolia,3,1.00,0.00%,66.67%,00:03:48,0.33
Alliaria petiolata,3,1.00,0.00%,66.67%,00:03:56,1.33
Allium ampeloprasum L.,3,2.00,0.00%,50.00%,00:14:08,1.00
Allium atropurpureum,3,4.00,33.33%,8.33%,00:14:24,10.33
allium cepa,3,1.67,0.00%,40.00%,00:11:21,1.00
Allium munzii,3,1.00,0.00%,33.33%,00:02:41,5.33
Allium sativum,3,1.33,0.00%,50.00%,00:01:42,2.00
Aloe amudatensis,3,1.00,0.00%,66.67%,00:05:21,4.00
Aloe bukobana,3,1.33,0.00%,75.00%,00:32:47,4.33
Aloe macrosiphon,3,1.00,0.00%,100.00%,00:02:08,5.00
Aloe mubendiensis,3,1.33,0.00%,50.00%,00:10:24,2.33
Alouatta caraya,3,2.00,0.00%,16.67%,00:03:49,5.67
alouatta pigra,3,1.00,0.00%,33.33%,00:00:25,1.00
Alpheus glaber,3,1.00,33.33%,33.33%,00:00:40,1.00
Alternanthera aquatica,3,2.00,0.00%,50.00%,00:03:00,1.00
Alyssum montanum,3,1.00,0.00%,66.67%,00:01:03,2.00
Amanita,3,2.67,0.00%,50.00%,00:03:58,4.67
Amaranthus blitoides,3,1.00,0.00%,100.00%,00:00:45,1.33
Amaranthus dubius,3,1.33,0.00%,75.00%,00:11:06,1.00
Amaranthus spinosus,3,1.00,33.33%,66.67%,00:00:29,0.67
Ambrosia elatior,3,1.33,0.00%,50.00%,00:00:25,1.00
Ammodramus maritimus,3,1.00,0.00%,0.00%,00:06:19,6.33
Amsinckia tessellata,3,1.33,0.00%,25.00%,00:02:36,1.67
Amygdalus triloba,3,1.33,0.00%,50.00%,00:02:15,3.00
Anacardium excelsum,3,1.67,0.00%,80.00%,00:05:07,1.33
Anaxyrus,3,1.33,0.00%,0.00%,00:01:15,3.33
Ancylistaceae,3,1.33,100.00%,0.00%,00:00:24,0.00
Andira chigorodensis,3,1.33,0.00%,50.00%,00:21:08,0.67
Andira inermis,3,2.33,0.00%,57.14%,00:06:05,1.00
Andrena tarsata,3,1.67,0.00%,60.00%,00:00:48,1.00
"Andrenosoma atrum(Linnaeus, 1758)",3,1.00,66.67%,0.00%,00:00:02,0.33
anemone,3,1.33,0.00%,75.00%,00:23:49,3.33
Anisomeles indica,3,1.67,66.67%,20.00%,00:06:29,0.00
Anisophyllea laurina,3,1.00,0.00%,100.00%,00:00:53,0.00
annulata,3,1.33,66.67%,0.00%,00:02:51,0.67
Anodontoides ferussacianus,3,1.00,0.00%,0.00%,00:26:10,17.67
anolis carolinensis,3,1.33,0.00%,25.00%,00:10:30,8.67
anolis sagrei,3,2.67,0.00%,12.50%,00:25:50,2.33
Anser fabalis,3,1.00,66.67%,33.33%,00:00:03,0.00
ansp,3,3.33,0.00%,10.00%,00:11:57,11.33
Antennaria dioica,3,1.00,0.00%,100.00%,00:00:44,1.33
anthoceros neesii,3,1.33,0.00%,50.00%,00:09:12,9.67
Anthophoridae,3,1.33,0.00%,50.00%,00:00:17,1.33
Anthoxanthum odoratum,3,1.33,0.00%,75.00%,00:00:48,0.67
Anthurium,3,1.67,0.00%,60.00%,00:04:50,3.67
Anthurium microspadix,3,1.00,0.00%,66.67%,00:00:32,1.67
Anthurium protensum,3,1.67,0.00%,80.00%,00:19:27,8.00
Antrozous pallidus,3,1.00,0.00%,100.00%,00:04:36,3.67
aphrissa,3,1.33,0.00%,25.00%,00:03:02,3.67
Aphyllanthes monspeliensis,3,1.33,0.00%,75.00%,00:03:26,0.67
apidae,3,1.00,0.00%,66.67%,00:08:49,1.67
Apidae,3,2.33,0.00%,42.86%,00:03:07,2.00
apinagia riedelii,3,1.33,0.00%,100.00%,00:00:35,1.33
Apiosporaceae,3,1.33,100.00%,0.00%,00:00:16,0.00
Apoidea,3,1.67,33.33%,20.00%,00:47:31,4.33
Aquifex pyrophilus,3,2.33,33.33%,0.00%,00:06:30,2.00
Ara militaris,3,1.00,0.00%,33.33%,00:01:53,3.00
arabidopsis thaliana,3,1.33,0.00%,100.00%,00:12:38,2.00
Araceae,3,2.00,0.00%,16.67%,00:08:28,6.00
Arachnida,3,1.67,33.33%,40.00%,00:05:10,2.00
Aratinga brevipes,3,2.00,33.33%,16.67%,00:08:42,6.33
aratinga holochlora,3,1.67,0.00%,20.00%,00:02:49,6.67
arbutus unedo,3,1.67,0.00%,40.00%,00:02:36,1.00
Arbutus unedo,3,1.33,0.00%,75.00%,00:08:25,3.67
Arctocephalus townsendi,3,2.00,33.33%,33.33%,00:02:30,0.67
Ardea cinerea,3,1.33,0.00%,75.00%,00:17:12,4.67
ardilla,3,2.67,0.00%,37.50%,00:04:10,8.67
Arecaceae,3,1.00,0.00%,100.00%,00:50:33,9.00
Aristotelia australasica,3,3.33,0.00%,40.00%,01:04:23,6.67
Aromobatidae,3,1.33,33.33%,0.00%,00:29:25,2.33
Artemisia,3,1.67,0.00%,40.00%,00:01:13,1.00
Artemisia biennis,3,1.00,0.00%,66.67%,00:00:23,1.67
Artemisia vulgaris,3,1.67,33.33%,40.00%,00:02:07,3.33
Arthrinium phaeospermum,3,1.00,0.00%,100.00%,00:04:42,4.00
Arthrocnemum indicum,3,2.00,0.00%,50.00%,00:00:43,1.00
Artocarpus altilis,3,2.00,0.00%,66.67%,00:03:40,15.00
Arum elongatum,3,1.00,0.00%,66.67%,00:01:46,1.67
arundo donax,3,1.67,0.00%,40.00%,00:22:04,4.00
Asclepias syriaca,3,1.00,0.00%,33.33%,00:00:59,2.67
Asclepias tuberosa,3,1.67,0.00%,40.00%,00:01:01,1.00
Ascotricha chartarum,3,1.00,33.33%,66.67%,00:02:01,0.67
asian paradise flycatcher,3,1.33,0.00%,0.00%,00:02:14,5.33
Asparagopsis taxiformis,3,2.33,0.00%,71.43%,00:06:36,2.33
Asparagus aethiopicus,3,1.00,0.00%,0.00%,00:00:06,1.00
Asparagus densiflorus,3,1.67,0.00%,40.00%,00:04:27,0.67
Asparagus officinalis,3,1.33,0.00%,75.00%,00:03:02,2.00
Aspergillus,3,1.33,33.33%,75.00%,00:01:35,2.67
asplenium,3,1.00,0.00%,33.33%,00:01:10,1.00